Blaze Bayley,The Night That Will Not Die,2009-11-2,The 11th Hour,Burden of Grief,2009-11-2,0
Blaze Bayley,Promise and Terror,2010-1-26,Sigh,Scenes From Hell,2010-1-26,0
Textures,Dualism,2011-9-20,Anubis Gate,Anubis Gate,2011-9-20,0
Revocation,Revocation,2013-10-17,Gorguts,Colored Sands,2013-10-17,0
As Light Dies,The Love Album – Volume I,2014-9-25,Alunah,Awakening The Forest,2014-9-25,0
Madmans Esprit,Nacht,2014-10-5,Godflesh,A World Lit Only By Fire,2014-10-5,0
Anaal Nathrakh,Desideratum,2014-10-11,Horrendous,Ecdysis,2014-10-11,0
Oceanwake,Sunless,2015-3-18,Ketha,#​!​%​16​.​7,2015-3-18,0
Royal Thunder,Crooked Doors,2015-4-8,Sulphur Aeon,Gateway to the Antisphere,2015-4-8,0
Symphony X,Underworld,2015-7-26,Cattle Decapitation,The Anthropocene Extinction,2015-7-26,0
Gorod,A Maze of Recycled Creeds,2015-10-5,He Whose Ox Is Gored,"The Camel, The Lion, The Child",2015-10-5,0
The Black Dahlia Murder,Abysmal,2015-10-12,Pseudo/Sentai,Bansheeface,2015-10-12,0
Avatarium,The Girl With the Raven Mask,2015-10-29,Beaten to Death,Unplugged,2015-10-29,0
Voivod,Post Society EP,2016-2-27,Inverloch,Distance | Collapsed,2016-2-27,0
Messa,Belfry,2016-4-21,Plebeian Grandstand,"False Highs, True Lows",2016-4-21,0
Morrow,Covenant of Teeth,2016-8-31,Uada,Devoid of Light,2016-8-31,0
The Reticent,On the Eve of a Goodbye,2016-10-5,Mercyless,Pathetic Divinity,2016-10-5,0
Candiria,While They Were Sleeping,2016-10-6,Northern Crown,The Others,2016-10-6,0
Crimson Moon,Oneironaut,2016-12-8,Zao,The Well-Intentioned Virus,2016-12-8,0
Pain of Salvation,In the Passing Light of Day,2017-1-22,Hour of Penance,Cast The First Stone,2017-1-22,0
Nailed to Obscurity,King Delusion,2017-1-26,Kairon; IRSE!,Ruination,2017-1-26,0
Benighted,Necrobreed,2017-2-6,Witherfall,Nocturnes and Requiems,2017-2-6,0
Junius,Eternal Rituals for the Accretion of Light,2017-3-6,Cellador,Off the Grid,2017-3-6,0
Demonic Resurrection,Dashavatar,2017-3-19,Pallbearer,Heartless,2017-3-19,0
Ghost Bath,Starmourner,2017-4-25,Galley Beggar,Heathen Hymns,2017-4-25,0
Father Befouled,Desolate Gods,2017-6-21,Dying Fetus,Wrong One to Fuck With,2017-6-21,0
Hällas,Excerpts from a Future Past,2017-10-5,The Black Dahlia Murder,Nightbringers,2017-10-5,0
Heidevolk,Vuur van Verzet,2018-1-22,Tribulation,Down Below,2018-1-22,0
Eryn Non Dae.,Abandon of the Self,2018-3-11,Angra,ØMNI,2018-3-11,0
The Crown,Cobra Speed Venom,2018-3-22,Necrophobic,Mark of the Necrogram,2018-3-22,0
RÛR,RÛR,2018-3-28,Barren Earth,A Complex of Cages,2018-3-28,0
Augury,Illusive Golden Age,2018-3-29,Morrow,Fallow,2018-3-29,0
Kataklysm,Meditations,2018-6-3,YOB,Our Raw Heart,2018-6-3,0
The Ocean,Phanerozoic I: Palaeozoic,2018-10-28,Arsis,Visitant,2018-10-28,0
Cripple Bastards,La Fine Cresce da Dentro,2018-11-8,Dire Peril,The Extraterrestrial Compendium,2018-11-8,0
Soulmass,The Weakness of Virtue,2019-1-24,Altarage,The Approaching Roar,2019-1-24,0
Source,Totality,2019-3-3,Misery Index,Rituals of Power,2019-3-3,0
Equipoise,Demiurgus,2019-3-7,Thormesis,The Sixth,2019-3-7,0
Dead to a Dying World,Elegy,2019-4-18,Black Sites,Exile,2019-4-18,0
Glassing,Spotted Horse,2019-5-16,Paladin,Ascension,2019-5-16,0
Mizmor,Cairn,2019-9-10,Nightfell,A Sanity Deranged,2019-9-10,0
Graveyard,Hold Back the Dawn,2019-9-18,Cult of Sorrow,Invocation of the Lucifer,2019-9-18,0
No One Knows What the Dead Think,No One Knows What the Dead Think,2019-9-19,Exhorder,Mourn the Southern Skies,2019-9-19,0
Wilderun,Veil of Imagination,2019-10-30,Wilderun,Veil of Imagination,2019-10-30,0
Rosk,remnants,2019-11-7,Second to Sun,Legacy,2019-11-7,0
Black Royal,Firebride,2020-3-1,Vredehammer,Viperous,2020-3-1,0
Foetal Juice,Gluttony,2020-6-10,Valdrin,Effigy of Nightmares,2020-6-10,0
Manticora,To Live to Kill to Live,2020-8-27,Panzerfaust,The Suns of Perdition – Chapter II: Render unto Eden,2020-8-27,0
Enforced,Kill Grid,2021-3-11,Stortregn,Impermanence,2021-3-11,0
Stortregn,Impermanence,2021-3-11,Pupil Slicer,Mirrors,2021-3-11,0
Glassing,Twin Dream,2021-11-3,Diablo Swing Orchestra,Swagger & Stroll Down the Rabbit Hole,2021-11-3,0
Mortiferum,Preserved in Torment,2021-11-4,Churchburn,Genocidal Rite,2021-11-4,0
Churchburn,Genocidal Rite,2021-11-4,Mystras,Empires Vanquished and Dismantled,2021-11-4,0
The Temple,The Temple,2021-11-19,Stormkeep,Tales of Othertime,2021-11-19,0
Pillaging Villagers,Pillaging Villagers,2022-3-10,In Aphelion,Moribund,2022-3-10,0
Grand Harvest,Consummatum Est,2022-3-24,Kvaen,The Great Below,2022-3-24,0
Riverside,Anno Domini High Definition,2009-6-29,Black Sun Aeon,Darkness Walks Beside Me,2009-6-30,1
Arkona,"Goi, Rode Goi!",2009-11-1,Blaze Bayley,The Night That Will Not Die,2009-11-2,1
Bison B.C.,Dark Ages,2010-4-8,The Ocean,Heliocentric,2010-4-9,1
1349,Demonoir,2010-4-22,Skyforger,Kurbads,2010-4-23,1
Avantasia,The Wicked Symphony,2010-4-25,Steelwing,Lord of the Wasteland,2010-4-26,1
Ragnarok,Collectors of the King,2010-5-17,Nevermore,The Obsidian Conspiracy,2010-5-18,1
Nevermore,The Obsidian Conspiracy,2010-5-18,Stormzone,Death Dealer,2010-5-19,1
Stormzone,Death Dealer,2010-5-19,Anathema,We’re Here Because We’re Here,2010-5-20,1
Watain,Lawless Darkness,2010-6-2,Istapp,Blekinge,2010-6-3,1
Winterhorde,Underwatermoon,2010-9-14,Spiritual Beggars,Return to Zero,2010-9-15,1
Spiritual Beggars,Return to Zero,2010-9-15,Enslaved,Axioma Ethica Odini,2010-9-16,1
Star One,Victims of the Modern Age,2010-10-13,Monster Magnet,Mastermind,2010-10-14,1
October Tide,A Thin Shell,2010-11-1,Allen/Lande,The Showdown,2010-11-2,1
Macabre,Grim Scary Tales,2011-2-2,Omnium Gatherum,New World Shadows,2011-2-3,1
Svart Crown,Witnessing the Fall,2011-2-8,Shroud of Despondency,Dark Meditations in Monastic Seclusion,2011-2-9,1
Shroud of Despondency,Dark Meditations in Monastic Seclusion,2011-2-9,Moonsorrow,Varjoina Kuljemme Kuolleiden Maassa,2011-2-10,1
Destruction,Day of Reckoning,2011-2-16,Turisas,Stand Up and Fight,2011-2-17,1
Crimfall,The Writ of Sword,2011-3-8,Sylosis,Edge of the Earth,2011-3-9,1
Sylosis,Edge of the Earth,2011-3-9,Assaulter,Boundless,2011-3-10,1
Within Temptation,The Unforgiving,2011-3-19,Havok,Time is Up,2011-3-20,1
Argus,Boldly Stride the Doomed,2011-5-2,Bodyfarm,Bodyfarm EP,2011-5-3,1
Falconer,Armod,2011-5-31,In Solitude,The World. The Flesh. The Devil.,2011-6-1,1
In Solitude,The World. The Flesh. The Devil.,2011-6-1,Loss,Despond,2011-6-2,1
Toxic Holocaust,Conjure and Command,2011-7-20,Aurvandil,Yearning,2011-7-21,1
Absu,Abzu,2011-10-30,Entrails,The Tomb Awaits,2011-10-31,1
Entrails,The Tomb Awaits,2011-10-31,40 Watt Sun,The Inside Room,2011-11-1,1
40 Watt Sun,The Inside Room,2011-11-1,Hammers of Misfortune,17th Street,2011-11-2,1
Vallenfyre,A Fragile King,2011-12-5,Cormorant,Dwellings,2011-12-6,1
Cormorant,Dwellings,2011-12-6,Theocracy,As The World Bleeds,2011-12-7,1
The 11th Hour,Lacrima Mortis,2012-1-15,Zebulon Pike,Space is the Corpse of Time,2012-1-16,1
Desaster,The Arts of Destruction,2012-3-4,Sigh,In Somniphobia,2012-3-5,1
Be’lakor,Of Breath and Bone,2012-6-17,Luca Turilli’s Rhapsody,Ascending to Infinity,2012-6-18,1
Vindicator,United We Fall,2012-7-8,Zombiefication,Reaper’s Consecration,2012-7-9,1
Father Befouled,Revulsion of Seraphic Grace,2012-7-20,Castle,Blacklands,2012-7-21,1
Necrovation,Necrovation,2012-8-6,Sophicide,Perdition of the Sublime,2012-8-7,1
Krampus,Survival of the Fittest,2012-8-18,Trollfest,Brumlebassen,2012-8-19,1
Reverence,The Asthenic Ascension,2012-8-28,Threshold,March of Progress,2012-8-29,1
Threshold,March of Progress,2012-8-29,Lustre,They Awoke to the Scent of Spring,2012-8-30,1
Anaal Nathrakh,Vanitas,2012-10-15,Weapon,Embers and Revelations,2012-10-16,1
Weapon,Embers and Revelations,2012-10-16,Beneath,Enslaved by Fear,2012-10-17,1
Dethklok,Dethalbum III,2012-10-26,Kamelot,Silverthorn,2012-10-27,1
Ragnarok,Malediction,2012-10-30,The Secret,Agnus Dei,2012-10-31,1
Neurosis,Honor Found In Decay,2012-11-7,Seven Kingdoms,The Fire is Mine,2012-11-8,1
Aoria,The Constant,2012-11-20,Ofermod,Thaumiel,2012-11-21,1
Void of Sleep,Tales Between Reality and Madness,2013-1-13,Audrey Horne,Youngblood,2013-1-14,1
Audrey Horne,Youngblood,2013-1-14,Voivod,Target Earth,2013-1-15,1
Devourment,Conceived in Sewage,2013-2-13,New Keepers of the Water Towers,Cosmic Child,2013-2-14,1
New Keepers of the Water Towers,Cosmic Child,2013-2-14,Omnium Gatherum,Beyond,2013-2-15,1
Nails,Abandon All Life,2013-3-16,Serenity,War of Ages,2013-3-17,1
Wormed,Exodromos,2013-3-20,Victor Griffin’s In,Graved,2013-3-21,1
Just Before Dawn,Precis Innan Gryningen,2013-4-16,The Ocean,Pelagial,2013-4-17,1
Altar of Plagues,Teethed Glory and Injury,2013-4-24,Spiritual Beggars,Earth Blues,2013-4-25,1
Summoning,Old Mornings Dawn,2013-5-25,Svart Crown,Profane,2013-5-26,1
The Black Dahlia Murder,Everblack,2013-6-8,White Wizzard,The Devil’s Cut,2013-6-9,1
Oliva,Raise the Curtain,2013-7-5,Unkind,Pelon Juuret,2013-7-6,1
Turisas,Turisas2013,2013-8-22,Primitive Man,Scorn,2013-8-23,1
Carcass,Surgical Steel,2013-9-2,Ulcerate,Vermis,2013-9-3,1
Atlantean Kodex,The White Goddess,2013-9-11,Haken,The Mountain,2013-9-12,1
Gorguts,Colored Sands,2013-10-17,Hail of Bullets,III The Rommel Chronicles,2013-10-18,1
Ayreon,The Theory of Everything,2013-11-21,Blood Mortized,"The Demon, the Angel, the Disease",2013-11-22,1
Pyrrhon,The Mother of Virtues,2014-3-26,Nightsatan,Nightsatan and the Loops of Doom,2014-3-27,1
Vanhelga,Längtan,2014-4-16,Triptykon,Melana Chasmata,2014-4-17,1
Décembre Noir,A Discouraged Believer,2014-5-15,Teitanblood,Death,2014-5-16,1
Teitanblood,Death,2014-5-16,Vehemenz,Vehemenz,2014-5-17,1
Panopticon,Roads to the North,2014-7-28,Belphegor,Conjuring the Dead,2014-7-29,1
YOB,Clearing the Path to Ascend,2014-8-29,Opeth,Pale Communion,2014-8-30,1
Audrey Horne,Pure Heavy,2014-9-14,Ophis,Abhorrence in Opulence,2014-9-15,1
Ophis,Abhorrence in Opulence,2014-9-15,Threshold,For the Journey,2014-9-16,1
Phobocosm,Deprived,2014-9-28,Solitary Sabred,Redemption Through Force,2014-9-29,1
Solitary Sabred,Redemption Through Force,2014-9-29,Decapitated,Blood Mantra,2014-9-30,1
Decapitated,Blood Mantra,2014-9-30,Blut Aus Nord,Memoria Vetusta III: Saturnian Poetry,2014-10-1,1
Horrendous,Ecdysis,2014-10-11,My Brother The Wind,Once There Was A Time When Time And Space Were One,2014-10-12,1
Riot V,Unleash the Fire,2014-10-25,Soen,Tellurian,2014-10-26,1
Soen,Tellurian,2014-10-26,Oraculum,Sorcery of the Damned,2014-10-27,1
Oraculum,Sorcery of the Damned,2014-10-27,Obake,Mutations,2014-10-28,1
Voices,London,2014-11-13,Unearth,Watchers of Rule,2014-11-14,1
Downfall of Gaia,Aeon Unveils The Throne of Decay,2014-11-18,Skelethal,Interstellar Knowledge of the Purple Entity,2014-11-19,1
Sylosis,Dormant Heart,2015-1-8,Beardfish,+4626-Comfortzone,2015-1-9,1
Perdition Temple,The Tempter’s Victorious,2015-3-16,Alkaloid,The Malkuth Grimoire,2015-3-17,1
Alkaloid,The Malkuth Grimoire,2015-3-17,Oceanwake,Sunless,2015-3-18,1
Unrest,Grindcore,2015-3-21,Wino and Conny Ochs,Freedom Conspiracy,2015-3-22,1
Steven Wilson,Hand. Cannot. Erase.,2015-3-29,Ufomammut,Ecate,2015-3-30,1
Sulphur Aeon,Gateway to the Antisphere,2015-4-8,Infernal War,Axiom,2015-4-9,1
Akhlys,The Dreaming I,2015-4-11,Outre,Ghost Chants,2015-4-12,1
Thornesbreed,GTRD,2015-6-19,Goatsnake,Black Age Blues,2015-6-20,1
Author & Punisher,Melk En Honing,2015-7-1,Kingcrow,Eidos,2015-7-2,1
Deathwhite,Solitary Martyr EP,2015-8-10,Krallice,Ygg huur,2015-8-11,1
Scythian,Hubris In Excelsis,2015-8-15,Ghost,Meliora,2015-8-16,1
Ghost,Meliora,2015-8-16,Myrkur,M,2015-8-17,1
Pentagram,Curious Volume,2015-8-20,Chelsea Wolfe,Abyss,2015-8-21,1
Pseudo/Sentai,Bansheeface,2015-10-12,Deafheaven,New Bermuda,2015-10-13,1
Deafheaven,New Bermuda,2015-10-13,Enshine,Singularity,2015-10-14,1
Enshine,Singularity,2015-10-14,Lik,Mass Funeral Evocation,2015-10-15,1
Vhöl,Deeper Than Sky,2015-10-20,Horrendous,Anareta,2015-10-21,1
Horrendous,Anareta,2015-10-21,Panopticon,Autumn Eternal,2015-10-22,1
Vehemence,Forward Without Motion,2015-10-24,Killing Joke,Pylon,2015-10-25,1
Killing Joke,Pylon,2015-10-25,Draconian,Sovran,2015-10-26,1
Kampfar,Profan,2015-11-15,Nightfell,Darkness Evermore,2015-11-16,1
Jess and the Ancient Ones,Second Psychedelic Coming: The Aquarius Tapes,2015-12-9,Nar Mattaru,Ancient Atomic Warfare,2015-12-10,1
Megadeth,Dystopia,2016-1-31,Fleshgod Apocalypse,King,2016-2-1,1
Fleshgod Apocalypse,King,2016-2-1,Brutality,Sea of Ignorance,2016-2-2,1
Rimfrost,Rimfrost,2016-3-21,King Goat,Conduit,2016-3-22,1
Howls of Ebb,Cursus Impasse: The Pendlomic Vows,2016-4-10,Zealotry,The Last Witness,2016-4-11,1
Zealotry,The Last Witness,2016-4-11,Mantar,Ode to the Flame,2016-4-12,1
Beastwars,The Death of All Things,2016-4-19,Allfather,Bless the Earth with Fire,2016-4-20,1
Allfather,Bless the Earth with Fire,2016-4-20,Messa,Belfry,2016-4-21,1
Plebeian Grandstand,"False Highs, True Lows",2016-4-21,Abhomine,Larve Offal Swine,2016-4-22,1
Winterhorde,Maestro,2016-5-10,Suidakra,Realms of Odoric,2016-5-11,1
The Vision Bleak,The Unknown,2016-6-13,Katatonia,The Fall of Hearts,2016-6-14,1
Inter Arma,Paradise Gallows,2016-6-30,Pseudo/Sentai,Enter the Sentai,2016-7-1,1
Witherscape,The Northern Sanctuary,2016-7-11,Vulvodynia,Psychosadistic Design,2016-7-12,1
Caïna,Christ Clad in White Phosphorus,2016-7-17,Harakiri For The Sky,III: Trauma,2016-7-18,1
Spirit Adrift,Chained to Oblivion,2016-8-6,Marsh Dweller,The Weight of Sunlight,2016-8-7,1
Voidspawn,Pyrrhic EP,2016-9-3,Unfathomable Ruination,Finitude,2016-9-4,1
Thy Catafalque,Meta,2016-9-29,Kryptos,Burn up the Night,2016-9-30,1
Mercyless,Pathetic Divinity,2016-10-5,Candiria,While They Were Sleeping,2016-10-6,1
Anaal Nathrakh,The Whole of the Law,2016-10-26,Dark Tranquillity,Atoma,2016-10-27,1
Dark Tranquillity,Atoma,2016-10-27,Mithras,On Strange Loops,2016-10-28,1
Downfall of Gaia,Atrophy,2016-11-10,Conceived By Hate,Death & Beyond,2016-11-11,1
Need,Hegaiamas​: ​A Song for Freedom,2017-1-11,Helheim,landawarijaR,2017-1-12,1
Lorn,Arrayed Claws,2017-1-25,Nailed to Obscurity,King Delusion,2017-1-26,1
Aeternam,Ruins of Empires,2017-2-24,Disperse,Foreword,2017-2-25,1
Disperse,Foreword,2017-2-25,O.R.k.,Soul of an Octopus,2017-2-26,1
Persefone,Aathma,2017-3-1,Sons of a Wanted Man,Black Days Black Dust,2017-3-2,1
Oceanwake,Earthen,2017-3-8,Darkest Hour,Godless Prophets and the Migrant Flora,2017-3-9,1
Venenum,Trance of Death,2017-3-18,Demonic Resurrection,Dashavatar,2017-3-19,1
Fit for an Autopsy,The Great Collapse,2017-3-21,Replacire,Do Not Deviate,2017-3-22,1
Replacire,Do Not Deviate,2017-3-22,Lantern,II: Morphosis,2017-3-23,1
The Ruins of Beverast,Exuvia,2017-5-3,Voyager,Ghost Mile,2017-5-4,1
Sabbath Assembly,Rites of Passage,2017-5-14,Below,Upon a Pale Horse,2017-5-15,1
Below,Upon a Pale Horse,2017-5-15,Night Flight Orchestra,Amber Galactic,2017-5-16,1
Loss,Horizonless,2017-5-22,Wrath of Belial,Bloodstained Rebellion,2017-5-23,1
Wrath of Belial,Bloodstained Rebellion,2017-5-23,Alestorm,No Grave but the Sea,2017-5-24,1
Elder,Reflections of a Floating World,2017-6-4,Unleash the Archers,Apex,2017-6-5,1
Temple of Void,Lords of Death,2017-8-2,Dead Cross,Dead Cross,2017-8-3,1
Pyrrhon,What Passes for Survival,2017-8-7,Lör,In Forgotten Sleep,2017-8-8,1
End of Green,Void Estate,2017-8-13,Desecresy,The Mortal Horizon,2017-8-14,1
Desecresy,The Mortal Horizon,2017-8-14,The Necromancers,Servants of the Salem Girl,2017-8-15,1
Bloodlust,At the Devil’s Left Hand,2017-8-21,Leprous,Malina,2017-8-22,1
Chelsea Wolfe,Hiss Spun,2017-9-18,Ufomammut,8,2017-9-19,1
Ufomammut,8,2017-9-19,Archspire,Relentless Mutation,2017-9-20,1
Archspire,Relentless Mutation,2017-9-20,Dyscarnate,With All Their Might,2017-9-21,1
Hallatar,No Stars Upon the Bridge,2017-10-16,Sorcerer,The Crowning of the Fire King,2017-10-17,1
The King is Blind,"We Are the Parasite, We Are the Cancer",2017-10-22,Ne Obliviscaris,Urn,2017-10-23,1
Ne Obliviscaris,Urn,2017-10-23,Vuur,In This Moment We Are Free – Cities,2017-10-24,1
Vuur,In This Moment We Are Free – Cities,2017-10-24,Exhumed,Death Revenge,2017-10-25,1
Exhumed,Death Revenge,2017-10-25,Sicarius,Serenade of Slitting Throats,2017-10-26,1
Keldian,Darkness and Light,2017-11-4,Motherslug,The Electric Dunes of Titan,2017-11-5,1
Hobosexual,Monolith,2017-11-12,Desolate Shrine,Deliverance from the Godless Void,2017-11-13,1
Hamferð,Támsins likam,2018-1-10,Halphas,Dawn of a Crimson Empire,2018-1-11,1
Ocean of Grief,Nightfall’s Lament,2018-1-21,Heidevolk,Vuur van Verzet,2018-1-22,1
Tribulation,Down Below,2018-1-22,Portal,Ion,2018-1-23,1
Portal,Ion,2018-1-23,Hooded Menace,Ossuarium Silhouettes Unhallowed,2018-1-24,1
Hooded Menace,Ossuarium Silhouettes Unhallowed,2018-1-24,Orphaned Land,Unsung Prophets & Dead Messiahs,2018-1-25,1
Orphaned Land,Unsung Prophets & Dead Messiahs,2018-1-25,Agrimonia,Awaken,2018-1-26,1
Thaurorod,Coast of Gold,2018-2-18,The Atlas Moth,Coma Noir,2018-2-19,1
Necropanther,Eyes of Blue Light,2018-3-3,Among The Rocks And Roots,Raga,2018-3-4,1
Mournful Congregation,The Incubus of Karma,2018-3-20,Slaves BC,"Lo, and I Am Burning",2018-3-21,1
Slaves BC,"Lo, and I Am Burning",2018-3-21,The Crown,Cobra Speed Venom,2018-3-22,1
Necrophobic,Mark of the Necrogram,2018-3-22,Death Alley,Superbia,2018-3-23,1
Barren Earth,A Complex of Cages,2018-3-28,Augury,Illusive Golden Age,2018-3-29,1
Morrow,Fallow,2018-3-29,Altars of Grief,Iris,2018-3-30,1
Voices,Frightened,2018-4-25,Boss Keloid,Melted on the Inch,2018-4-26,1
Anicon,Entropy Mantra,2018-6-24,The Night Flight Orchestra,Sometimes the World Ain’t Enough,2018-6-25,1
Imperial Triumphant,Vile Luxury,2018-7-10,Obscura,Diluvium,2018-7-11,1
Obscura,Diluvium,2018-7-11,Between the Buried and Me,Automata II,2018-7-12,1
Bonjour Tristesse,Your Ultimate Urban Nightmare,2018-8-5,Sacrificed Alliance,Withdrawn,2018-8-6,1
Allfather,And All Will Be Desolation,2018-9-5,Monstrosity,The Passage of Existence,2018-9-6,1
Betzefer,Entertain Your Force of Habit,2018-9-18,Madder Mortem,Marrow,2018-9-19,1
Madder Mortem,Marrow,2018-9-19,Sumac,Love in Shadow,2018-9-20,1
Brainstorm,Midnight Ghost,2018-9-23,Riverside,Wasteland,2018-9-24,1
Horrendous,Idol,2018-9-26,Immortal Guardian,Age of Revolution,2018-9-27,1
Immortal Guardian,Age of Revolution,2018-9-27,Heads for the Dead,Serpent’s Curse,2018-9-28,1
Gorod,Æthra,2018-10-21,Eneferens,The Bleakness of Our Constant,2018-10-22,1
Eneferens,The Bleakness of Our Constant,2018-10-22,Into Eternity,The Sirens,2018-10-23,1
Into Eternity,The Sirens,2018-10-23,Outre,Hollow Earth,2018-10-24,1
Devouring Star,The Arteries of Heresy,2018-10-27,The Ocean,Phanerozoic I: Palaeozoic,2018-10-28,1
Arsis,Visitant,2018-10-28,Lifelost,Dialogues From Beyond,2018-10-29,1
Décembre Noir,Autumn Kings,2018-11-7,Cripple Bastards,La Fine Cresce da Dentro,2018-11-8,1
Sulphur Aeon,The Scythe of Cosmic Chaos,2018-12-16,Beaten to Death,Agronomicon,2018-12-17,1
Hollow Leg,Civilizations,2019-1-23,Soulmass,The Weakness of Virtue,2019-1-24,1
Misery Index,Rituals of Power,2019-3-3,Sinmara,Hvísl Stjarnanna,2019-3-4,1
Ataraxie,Résignés,2019-3-6,Equipoise,Demiurgus,2019-3-7,1
Venom Prison,Samsara,2019-3-17,Gomorrah,Gomorrah,2019-3-18,1
Gomorrah,Gomorrah,2019-3-18,Aephanemer,Prokopton,2019-3-19,1
Aephanemer,Prokopton,2019-3-19,Ashen Horde,Fallen Cathedrals,2019-3-20,1
Ashen Horde,Fallen Cathedrals,2019-3-20,Sermon,Birth of the Marvellous,2019-3-21,1
Crown of Autumn,Byzantine Horizons,2019-4-1,Waste of Space Orchestra,Syntheosis,2019-4-2,1
Moon Tooth,Crux,2019-4-4,Wormwitch,Heaven That Dwells Within,2019-4-5,1
Vous Autres,Champ du Sang,2019-4-7,Inter Arma,Sulphur English,2019-4-8,1
Inter Arma,Sulphur English,2019-4-8,Violet Cold,kOsmik,2019-4-9,1
Istapp,The Insidious Star,2019-4-24,Belzebubs,Pantheon of the Nightside Gods,2019-4-25,1
Idle Hands,Mana,2019-5-5,Spirit Adrift,Divided by Darkness,2019-5-6,1
Kull,Exile,2019-5-21,Calyx,Vientos Arcaicos,2019-5-22,1
Ashbringer,Absolution,2019-6-25,Yellow Eyes,Rare Field Ceiling,2019-6-26,1
Yellow Eyes,Rare Field Ceiling,2019-6-26,Beastwars,IV,2019-6-27,1
Turilli / Lione Rhapsody,Zero Gravity: Rebirth and Evolution,2019-7-4,Kryptos,Afterburner,2019-7-5,1
Lacrimas Profundere,Bleeding the Stars,2019-7-21,High Fighter,Champain,2019-7-22,1
Isole,Dystopia,2019-8-19,Devourment,Obscene Majesty,2019-8-20,1
Devourment,Obscene Majesty,2019-8-20,Ivory Tower,Stronger,2019-8-21,1
Ivory Tower,Stronger,2019-8-21,Astralium,Land of Eternal Dreams,2019-8-22,1
Raventale,Morphine Dead Gardens,2019-9-8,Atlantean Kodex,The Course of Empire,2019-9-9,1
Atlantean Kodex,The Course of Empire,2019-9-9,Mizmor,Cairn,2019-9-10,1
Cult of Luna,A Dawn to Fear,2019-9-16,White Ward,Love Exchange Failure,2019-9-17,1
White Ward,Love Exchange Failure,2019-9-17,Graveyard,Hold Back the Dawn,2019-9-18,1
Cult of Sorrow,Invocation of the Lucifer,2019-9-18,No One Knows What the Dead Think,No One Knows What the Dead Think,2019-9-19,1
Vorna,Sateet palata saavat,2019-9-22,Fvneral Fvkk,Carnal Confessions,2019-9-23,1
Fvneral Fvkk,Carnal Confessions,2019-9-23,Ghosts of Glaciers,The Greatest Burden,2019-9-24,1
IATT,Nomenclature,2019-10-9,Lacuna Coil,Black Anima,2019-10-10,1
Xoth,Interdimensional Invocations,2019-10-20,Galneryus,Into the Purgatory,2019-10-21,1
Galneryus,Into the Purgatory,2019-10-21,Mayhem,Daemon,2019-10-22,1
Schammasch,Hearts of No Light,2019-11-6,Rosk,remnants,2019-11-7,1
Hideous Divinity,Simulacrum,2019-11-13,Necropanther,The Doomed City,2019-11-14,1
Blood Incantation,Hidden History of the Human Race,2019-11-17,Unfathomable Ruination,Enraged and Unbound,2019-11-18,1
Obsequiae,The Palms of Sorrowed Kings,2019-11-20,Avatarium,The Fire I Long For,2019-11-21,1
Avatarium,The Fire I Long For,2019-11-21,Esoteric,A Pyrrhic Existence,2019-11-22,1
Esoteric,A Pyrrhic Existence,2019-11-22,Slow,VI – Dantalion,2019-11-23,1
Kvaen,The Funeral Pyre,2020-2-25,Drown,Subaqueous,2020-2-26,1
Earth Rot,Black Tides of Obscurity,2020-3-4,Canis Dirus,Independence to the Beast,2020-3-5,1
Rosy Finch,Scarlet,2020-3-8,Afterbirth,Four Dimensional Flesh,2020-3-9,1
Aeternam,Al Qassam,2020-3-23,Malokarpatan,Krupinské ohne,2020-3-24,1
Malokarpatan,Krupinské ohne,2020-3-24,Void of Sleep,Metaphora,2020-3-25,1
Membaris,Misanthrosophie,2020-3-28,Velnias,Scion of Aether,2020-3-29,1
Velnias,Scion of Aether,2020-3-29,Loviatar,Lightless,2020-3-30,1
Benighted,Obscene Repressed,2020-4-8,Calligram,The Eye Is The First Circle,2020-4-9,1
Dark Forest,"Oak, Ash & Thorn",2020-4-20,Ulcerate,Stare into Death and Be Still,2020-4-21,1
Warbringer,Weapons of Tomorrow,2020-4-23,Black Curse,Endless Wound,2020-4-24,1
Sölicitör,Spectral Devastation,2020-4-26,Malist,To Mantle the Rising Sun,2020-4-27,1
Alestorm,Curse of the Crystal Coconut,2020-5-27,Akolyth,Akolyth,2020-5-28,1
Defeated Sanity,The Sanguinary Impetus,2020-7-21,Gaerea,Limbo,2020-7-22,1
Gaerea,Limbo,2020-7-22,Haken,VIrus,2020-7-23,1
Imperial Triumphant,Alphaville,2020-7-28,Dkharmakhaoz,Proclamation ov the Black Suns,2020-7-29,1
Hellripper,The Affair of the Poisons,2020-10-9,Necrophobic,Dawn of the Damned,2020-10-10,1
Wobbler,Dwellers of the Deep,2020-10-21,Slow Fall,Beneath the Endless Rains,2020-10-22,1
Eximperitus­erqethh­zebib­šip­tugak­kath­šul­weliar­zaxułum,Šahrartu,2021-1-27,Soen,Imperial Vinyl,2021-1-28,1
Suffering Hour,The Cyclic Reckoning,2021-2-21,Paranorm,Empyrean,2021-2-22,1
Significant Point,Into the Storm,2021-2-24,Iotunn,Access All Worlds,2021-2-25,1
Iotunn,Access All Worlds,2021-2-25,Empyrium,Über den Sternen,2021-2-26,1
Miasmata,Unlight: Songs of Earth and Atrophy,2021-3-10,Enforced,Kill Grid,2021-3-11,1
Zao,The Crimson Corridor,2021-4-6,Kauan,Ice Fleet,2021-4-7,1
Kauan,Ice Fleet,2021-4-7,Mānbryne,Heilsweg: O udrece ciala i tulaczce duszy,2021-4-8,1
Subterranean Masquerade,Mountain Fever,2021-5-9,Seth,La Morsure du Christ,2021-5-10,1
Boss Keloid,Family the Smiling Thrush,2021-6-3,Somnuri,Nefarious Wave,2021-6-4,1
King Buffalo,The Burden of Restlessness,2021-6-10,Son of Sam,And the Monster Awoke…,2021-6-11,1
Alustrium,A Monument to Silence,2021-7-4,Polemicist,Return of the Sophist,2021-7-5,1
Polemicist,Return of the Sophist,2021-7-5,Musk Ox,Inheritance,2021-7-6,1
Franklin Zoo,The Dandelion Child,2021-10-10,Noltem,Illusions in the Wake,2021-10-11,1
WORM,Foreverglade,2021-10-19,1914,Where Fear and Weapons Meet,2021-10-20,1
1914,Where Fear and Weapons Meet,2021-10-20,Green Lung,Black Harvest,2021-10-21,1
Green Lung,Black Harvest,2021-10-21,Knife,Knife,2021-10-22,1
Archspire,Bleed the Future,2021-10-25,Zornheym,The Zornheim Sleep Experiment,2021-10-26,1
Sunless,Ylem,2021-10-28,Black Sites,Untrue,2021-10-29,1
Diablo Swing Orchestra,Swagger & Stroll Down the Rabbit Hole,2021-11-3,Mortiferum,Preserved in Torment,2021-11-4,1
Outre,Tombe – Abysse Mortifère,2021-11-7,Black Soul Horde,Horrors from the Void,2021-11-8,1
Memory Garden,1349,2021-12-14,Ethereal Shroud,Trisagion,2021-12-15,1
Ethereal Shroud,Trisagion,2021-12-15,Mega Colossus,Riptime,2021-12-16,1
Immolation,Acts of God,2022-2-16,Pure Wrath,Hymn to the Woeful Hearts,2022-2-17,1
Sylvaine,Nova,2022-2-28,Hath,All that Was Promised,2022-3-1,1
Mares of Thrace,The Exile,2022-4-2,GGGOLDDD,This Shame Should Not Be Mine,2022-4-3,1
Ou,one,2022-5-4,Wachenfeldt,Faustian Reawakening,2022-5-5,1
Cavernlight,As I Cast Ruin Upon the Lens That Reveals My Every Flaw,2022-5-9,Vital Spirit,"Still As the Night, Cold As the Wind",2022-5-10,1
Moon Tooth,Phototroph,2022-5-15,Luminous Vault,Animate the Emptiness,2022-5-16,1
Amorphis,Skyforger,2009-5-27,Fejd,Storm,2009-5-29,2
The 11th Hour,Burden of Grief,2009-11-2,Månegarm,Nattväsen,2009-11-4,2
Sigh,Scenes From Hell,2010-1-26,Finntroll,Nifelvind,2010-1-28,2
Eternal Silence,The Arsonist,2010-3-15,Svartsot,Mulmets Viser,2010-3-17,2
Triptykon,Eparistera Daimones,2010-4-20,1349,Demonoir,2010-4-22,2
Skyforger,Kurbads,2010-4-23,Avantasia,The Wicked Symphony,2010-4-25,2
Wuthering Heights,Salt,2010-5-9,Pain of Salvation,Road Salt pt. 1 – Ivory –,2010-5-11,2
Korpiklaani,Ukon Wacka,2011-2-6,Svart Crown,Witnessing the Fall,2011-2-8,2
Amon Amarth,Surtur Rising,2011-3-17,Within Temptation,The Unforgiving,2011-3-19,2
Havok,Time is Up,2011-3-20,Vicious Rumors,Razorback Killers,2011-3-22,2
Hate Eternal,Phoenix Amongst the Ashes,2011-5-9,The Book of Mormon,Cast Recording,2011-5-11,2
Rival Sons,Pressure and Time,2011-6-20,Draconian,A Rose for the Apocalypse,2011-6-22,2
Pain of Salvation,Road Salt Two [Ebony],2011-9-18,Textures,Dualism,2011-9-20,2
Riot,Immortal Soul,2011-11-13,Stormzone,Zero to Rage,2011-11-15,2
Pallbearer,Sorrow and Extinction,2012-2-14,Pharaoh,Bury the Light,2012-2-16,2
Lanfear,This Harmonic Consonance,2012-2-26,Asphyx,Deathhammer,2012-2-28,2
Kontrust,Second Hand Wonderland,2012-4-30,Master’s Hammer,Vracejte Konve Na Misto,2012-5-2,2
Steel Assassin,WWII: Metal of Honor,2012-5-13,Ennead,Frozen Eyes,2012-5-15,2
Ennead,Frozen Eyes,2012-5-15,Grand Magus,The Hunt,2012-5-17,2
Carach Angren,Where the Corpses Sink Forever,2012-6-15,Be’lakor,Of Breath and Bone,2012-6-17,2
Dust Bolt,Violent Demolition,2012-7-27,Korpiklaani,Manala,2012-7-29,2
An Autumn for Crippled Children,Only the Ocean Knows,2012-8-26,Reverence,The Asthenic Ascension,2012-8-28,2
Seven Kingdoms,The Fire is Mine,2012-11-8,Monolithe,Monolithe III,2012-11-10,2
Spektr,Cypher,2013-2-9,Crest of Darkness,In the Presence of Death,2013-2-11,2
Crest of Darkness,In the Presence of Death,2013-2-11,Devourment,Conceived in Sewage,2013-2-13,2
Omnium Gatherum,Beyond,2013-2-15,Steven Wilson,The Raven that Refused to Sing (and Other Stories),2013-2-17,2
Steven Wilson,The Raven that Refused to Sing (and Other Stories),2013-2-17,Cnoc An Tursa,The Giants of Auld,2013-2-19,2
Powerwolf,Preachers of the Night,2013-7-23,Torture Division,The Worship,2013-7-25,2
Hail of Bullets,III The Rommel Chronicles,2013-10-18,Inquisition,Obscure Verses for the Multiverse,2013-10-20,2
Eudaimony,Futile,2013-11-14,Eye of Solitude,Canto III,2013-11-16,2
Castle,Under Siege,2014-5-6,Doom:VS,Earthless,2014-5-8,2
Vehemenz,Vehemenz,2014-5-17,Vainaja,Kadotetut,2014-5-19,2
Origin,Omnipresent,2014-7-1,Vintersorg,Naturbål,2014-7-3,2
Sólstafir,Ótta,2014-8-25,The Haunted,Exit Wounds,2014-8-27,2
The Haunted,Exit Wounds,2014-8-27,YOB,Clearing the Path to Ascend,2014-8-29,2
The Skull,For Those Which Are Asleep,2014-10-21,Pestilential Shadows,Ephemeral,2014-10-23,2
Pestilential Shadows,Ephemeral,2014-10-23,Riot V,Unleash the Fire,2014-10-25,2
Obake,Mutations,2014-10-28,Giant Squid,Minoans,2014-10-30,2
Primordial,Where Greater Men Have Fallen,2014-11-28,Baring Teeth,Ghost Chorus Among Old Ruins,2014-11-30,2
Beardfish,+4626-Comfortzone,2015-1-9,Desolate Shrine,The Heart of the Netherworld,2015-1-11,2
The Order of Apollyon,The Sword and the Dagger,2015-3-27,Steven Wilson,Hand. Cannot. Erase.,2015-3-29,2
Infernal War,Axiom,2015-4-9,Akhlys,The Dreaming I,2015-4-11,2
Ironsword,None But the Brave,2015-5-14,Secrets of the Sky,Pathway,2015-5-16,2
Wilderun,Sleep at the Edge of the Earth,2015-6-2,Pyrrhon,Growth Without End,2015-6-4,2
The Armed,Untitled,2015-6-26,Failure,The Heart Is A Monster,2015-6-28,2
Destruktor,Opprobrium,2015-7-19,Kronos,Arisen New Era,2015-7-21,2
Kronos,Arisen New Era,2015-7-21,Locrian,Infinite Dissolution,2015-7-23,2
Hope Drone,Cloak of Ash,2015-8-2,Trials,This Ruined World,2015-8-4,2
Ares Kingdom,The Unburiable Dead,2015-9-25,Gloryhammer,Space 1992: Rise of the Chaos Wizards,2015-9-27,2
Dead to a Dying World,Litany,2015-10-18,Vhöl,Deeper Than Sky,2015-10-20,2
Panopticon,Autumn Eternal,2015-10-22,Vehemence,Forward Without Motion,2015-10-24,2
Gomorrah,The Haruspex,2016-1-18,Abbath,Abbath,2016-1-20,2
Chthe’ilist,Le Dernier Crépuscule,2016-1-25,Mortuary,Nothingless than Nothingness,2016-1-27,2
Wormed,Krighsu,2016-3-8,Skáphe,Skáphe²,2016-3-10,2
SIG:AR:TYR,Northen,2016-4-8,Howls of Ebb,Cursus Impasse: The Pendlomic Vows,2016-4-10,2
Sektemtum,Panacea,2016-5-23,First Fragment,Dasein,2016-5-25,2
Sumerlands,Sumerlands,2016-9-8,Barishi,Blood From the Lion’s Mouth,2016-9-10,2
Barishi,Blood From the Lion’s Mouth,2016-9-10,Insomnium,Winter’s Gate,2016-9-12,2
The Dillinger Escape Plan,Dissociation,2016-10-17,Negură Bunget,Zi,2016-10-19,2
Mithras,On Strange Loops,2016-10-28,Saor,Guardians,2016-10-30,2
Saor,Guardians,2016-10-30,Madder Mortem,Red in Tooth and Claw,2016-11-1,2
Cellador,Off the Grid,2017-3-6,Oceanwake,Earthen,2017-3-8,2
Pallbearer,Heartless,2017-3-19,Fit for an Autopsy,The Great Collapse,2017-3-21,2
Galley Beggar,Heathen Hymns,2017-4-25,Havukruunu,Kelle surut soi,2017-4-27,2
Excalion,Dream Alive,2017-7-4,Impure Wilhelmina,Radiation,2017-7-6,2
Beyond Grace,Seekers,2017-7-9,Boris,Dear,2017-7-11,2
Violet Cold,Anomie,2017-7-23,Sun of the Sleepless,To the Elements,2017-7-25,2
Lör,In Forgotten Sleep,2017-8-8,Hell,Hell,2017-8-10,2
The Black Dahlia Murder,Nightbringers,2017-10-5,Jag Panzer,The Deviant Chord,2017-10-7,2
Bell Witch,Mirror Reaper,2017-10-20,The King is Blind,"We Are the Parasite, We Are the Cancer",2017-10-22,2
The Atomic Bitchwax,Force Field,2017-12-5,The Negative Bias,Lamentations of the Chaos Omega,2017-12-7,2
Crow Black Sky,Sidereal Light: Volume One,2018-1-30,Weedpecker,III,2018-2-1,2
Bind Torture Kill,Viscères,2018-2-5,Harm’s Way,Posthuman,2018-2-7,2
Dream Tröll,The Witch’s Curse EP,2018-2-16,Thaurorod,Coast of Gold,2018-2-18,2
Usurpress,Interregnum,2018-2-25,Slugdge,Esoteric Malacology,2018-2-27,2
Slugdge,Esoteric Malacology,2018-2-27,Huntsmen,American Scrap,2018-3-1,2
Huntsmen,American Scrap,2018-3-1,Necropanther,Eyes of Blue Light,2018-3-3,2
Nightmarer,Cacophony of Terror,2018-3-26,RÛR,RÛR,2018-3-28,2
Altars of Grief,Iris,2018-3-30,Messa,Feast for Water,2018-4-1,2
Inferi,Revenant,2018-4-23,Voices,Frightened,2018-4-25,2
Alkaloid,Liquid Anatomy,2018-5-21,Black Book Lodge,Steeple and Spire,2018-5-23,2
﻿Southern Empire,Civilisation,2018-7-31,Manticora,To Kill to Live to Kill,2018-8-2,2
Mule Skinner,Airstrike,2018-9-3,Allfather,And All Will Be Desolation,2018-9-5,2
Voivod,The Wake,2018-9-16,Betzefer,Entertain Your Force of Habit,2018-9-18,2
Riverside,Wasteland,2018-9-24,Horrendous,Idol,2018-9-26,2
Heir Apparent,The View From Below,2018-10-14,Mongol,The Return,2018-10-16,2
Mongol,The Return,2018-10-16,Imperialist,Cipher,2018-10-18,2
Dire Peril,The Extraterrestrial Compendium,2018-11-8,1914,The Blind Leading the Blind,2018-11-10,2
Soen,“Rival” Premiere and Lotus,2018-11-13,Skull Pit,Skull Pit,2018-11-15,2
Ars Magna Umbrae,Lunar Ascension,2019-1-21,Hollow Leg,Civilizations,2019-1-23,2
Downfall of Gaia,Ethic of Radical Finitude,2019-2-5,Blue Hummingbird on the Left,Atl Tlachinolli,2019-2-7,2
King Apathy,Wounds,2019-2-17,Wachenfeldt,The Interpreter,2019-2-19,2
Vimur,Triumphant Master of Fates,2019-2-26,Cartographs,Wilt & Blossom,2019-2-28,2
Sinmara,Hvísl Stjarnanna,2019-3-4,Ataraxie,Résignés,2019-3-6,2
Devin Townsend,Empath,2019-3-25,Déhà,Cruel Words,2019-3-27,2
Waste of Space Orchestra,Syntheosis,2019-4-2,Moon Tooth,Crux,2019-4-4,2
Wormwitch,Heaven That Dwells Within,2019-4-5,Vous Autres,Champ du Sang,2019-4-7,2
Violet Cold,kOsmik,2019-4-9,Inculter,Fatal Visions,2019-4-11,2
Inculter,Fatal Visions,2019-4-11,Wheel,Moving Backwards,2019-4-13,2
Goregäng,Neon Graves,2019-5-19,Kull,Exile,2019-5-21,2
Organectomy,Existential Disconnect,2019-6-16,The Odious,Vesica Piscis,2019-6-18,2
The Odious,Vesica Piscis,2019-6-18,Glare of the Sun,Theia,2019-6-20,2
Ascend the Hollow,Echoes of Existence,2019-6-23,Ashbringer,Absolution,2019-6-25,2
Dream Tröll,“I Will Not Die Today” Video Premiere and Second to None,2019-7-2,Turilli / Lione Rhapsody,Zero Gravity: Rebirth and Evolution,2019-7-4,2
Kryptos,Afterburner,2019-7-5,An Isolated Mind,I’m Losing Myself,2019-7-7,2
Hope Drone,Void Lustre,2019-8-27,Warcrab,Damned in Endless Night,2019-8-29,2
Ghosts of Glaciers,The Greatest Burden,2019-9-24,Opeth,In Cauda Venenum,2019-9-26,2
Arallu,En Olam,2019-10-4,Saint Karloff,Interstellar Voodoo,2019-10-6,2
Maeskyyrn,Interlude,2019-10-13,Sammath,Across the Rhine Is Only Death,2019-10-15,2
Rimfrost,Expedition: Darkness,2019-10-18,Xoth,Interdimensional Invocations,2019-10-20,2
Mayhem,Daemon,2019-10-22,Dawn Ray’d,Behold Sedition Plainsong,2019-10-24,2
Unfathomable Ruination,Enraged and Unbound,2019-11-18,Obsequiae,The Palms of Sorrowed Kings,2019-11-20,2
Slow,VI – Dantalion,2019-11-23,Teeth,The Curse of Entropy,2019-11-25,2
Surgical Strike,Part of a Sick World,2020-1-20,Raphael Weinroth,Browne – Worlds Within,2020-1-22,2
Blaze of Perdition,The Harrowing of Hearts,2020-2-9,Godthrymm,Reflections,2020-2-11,2
Godthrymm,Reflections,2020-2-11,Vision of Choice,Mistress of the Gods,2020-2-13,2
Loviatar,Lightless,2020-3-30,Forndom,Faþir,2020-4-1,2
Forndom,Faþir,2020-4-1,Wake,Devouring Ruin,2020-4-3,2
Ulcerate,Stare into Death and Be Still,2020-4-21,Warbringer,Weapons of Tomorrow,2020-4-23,2
Black Curse,Endless Wound,2020-4-24,Sölicitör,Spectral Devastation,2020-4-26,2
Green Carnation,Leaves of Yesteryear,2020-5-3,…and Oceans,Cosmic World Mother,2020-5-5,2
Witches,The Fates,2020-6-2,Ebonivory,The Long Dream I,2020-6-4,2
Ulthar,Providence,2020-6-8,Foetal Juice,Gluttony,2020-6-10,2
Pale Divine,Consequence of Time,2020-6-22,Protest the Hero,Palimpsest,2020-6-24,2
Faceless Burial,Speciation,2020-8-2,Temple Nightside,Pillars of Damnation,2020-8-4,2
Atramentus,Stygian,2020-8-16,Havukruunu,Uinuos syömein sota,2020-8-18,2
Cytotoxin,Nuklearth,2020-8-25,Manticora,To Live to Kill to Live,2020-8-27,2
Blackevil,Forever Baptised in Eternal Fire,2020-9-20,Svalbard,"When I Die, Will I Get Better?",2020-9-22,2
Anaal Nathrakh,Endarkenment,2020-9-27,Ascian,Elysion,2020-9-29,2
Scardust,Strangers,2020-10-27,Wytch Hazel,Wytch Hazel III: Pentecost,2020-10-29,2
Wytch Hazel,Wytch Hazel III: Pentecost,2020-10-29,October Falls,Syys,2020-10-31,2
Hell:on,Scythian Stamm,2020-11-3,Mr Bungle,The Raging Wrath of the Easter Bunny Demo,2020-11-5,2
Liminal Shroud,“Tainted Soil” Premiere and Through the False Narrows,2020-11-11,Dark Buddha Rising,Mathreyata,2020-11-13,2
The Ruins of Beverast,The Thule Grimoires,2021-2-2,Misotheist,For the Glory of Your Redeemer,2021-2-4,2
Paranorm,Empyrean,2021-2-22,Significant Point,Into the Storm,2021-2-24,2
Sepulcros,Vazio,2021-3-8,Miasmata,Unlight: Songs of Earth and Atrophy,2021-3-10,2
Seth,La Morsure du Christ,2021-5-10,Dordeduh,Har,2021-5-12,2
Osi and the Jupiter,Stave,2021-8-25,Headshrinker,Callous Indifference,2021-8-27,2
Noltem,Illusions in the Wake,2021-10-11,The Silver,Ward of Roses,2021-10-13,2
Zornheym,The Zornheim Sleep Experiment,2021-10-26,Sunless,Ylem,2021-10-28,2
Plebeian Grandstand,Rien ne suffit,2021-11-15,Obscura,A Valediction,2021-11-17,2
Obscura,A Valediction,2021-11-17,The Temple,The Temple,2021-11-19,2
Opera Diabolicus,Death on a Pale Horse,2021-11-30,Dormant Ordeal,The Grand Scheme of Things,2021-12-2,2
Hath,All that Was Promised,2022-3-1,Midnight,Let There Be Witchery,2022-3-3,2
Aeviterne,The Ailing Facade,2022-3-22,Grand Harvest,Consummatum Est,2022-3-24,2
Kvaen,The Great Below,2022-3-24,Astral Tomb,Soulgazer,2022-3-26,2
Astral Tomb,Soulgazer,2022-3-26,Satan,Earth Infernal,2022-3-28,2
Marrasmieli,Martaiden Mailta,2022-4-6,Nightfell,Never Comes the Storm,2022-4-8,2
Nightfell,Never Comes the Storm,2022-4-8,Darkher,The Buried Storm,2022-4-10,2
Overkill,Ironbound,2010-1-23,Blaze Bayley,Promise and Terror,2010-1-26,3
Heidevolk,Uit Oude Grond,2010-3-21,The Dillinger Escape Plan,Option Paralysis,2010-3-24,3
Helrunar,Sol,2011-1-22,Thomas Giles,Pulse,2011-1-25,3
Omnium Gatherum,New World Shadows,2011-2-3,Korpiklaani,Ukon Wacka,2011-2-6,3
Turisas,Stand Up and Fight,2011-2-17,Before the Dawn,Deathstar Rising,2011-2-20,3
Anaal Nathrakh,Passion,2011-5-22,Tyr,The Lay of Thrym,2011-5-25,3
Ulcerate,The Destroyers of All,2011-6-6,Rhapsody of Fire,From Chaos to Eternity,2011-6-9,3
Orphaned Land,The Road to OR-Shalem,2011-11-10,Riot,Immortal Soul,2011-11-13,3
Iron Savior,The Landing,2011-11-20,Exhumed,"All Guts, No Glory",2011-11-23,3
Primal Fear,Unbreakable,2012-1-12,The 11th Hour,Lacrima Mortis,2012-1-15,3
Grand Magus,The Hunt,2012-5-17,Sabaton,Carolus Rex,2012-5-20,3
Luca Turilli’s Rhapsody,Ascending to Infinity,2012-6-18,Vintersorg,Orkan,2012-6-21,3
Castle,Blacklands,2012-7-21,Zonaria,Arrival of the Red Sun,2012-7-24,3
Zonaria,Arrival of the Red Sun,2012-7-24,Dust Bolt,Violent Demolition,2012-7-27,3
Korpiklaani,Manala,2012-7-29,Testament,Dark Roots of Earth,2012-8-1,3
Bedemon,Symphony of Shadows,2012-8-15,Krampus,Survival of the Fittest,2012-8-18,3
Kamelot,Silverthorn,2012-10-27,Ragnarok,Malediction,2012-10-30,3
The Secret,Agnus Dei,2012-10-31,Paragon,Force of Destruction,2012-11-3,3
Mors Principium Est,… And Death Said Live,2013-1-7,Nightfall,Cassiopeia,2013-1-10,3
Nightfall,Cassiopeia,2013-1-10,Void of Sleep,Tales Between Reality and Madness,2013-1-13,3
Voivod,Target Earth,2013-1-15,Cult of Luna,Vertikal,2013-1-18,3
Serenity,War of Ages,2013-3-17,Wormed,Exodromos,2013-3-20,3
The Ocean,Pelagial,2013-4-17,Colossus,Wake,2013-4-20,3
Spiritual Beggars,Earth Blues,2013-4-25,The Body,"Master, We Perish EP",2013-4-28,3
Author & Punisher,Women & Children,2013-6-14,Amon Amarth,Deceiver of the Gods,2013-6-17,3
Amon Amarth,Deceiver of the Gods,2013-6-17,Locrian,Return to Annihilation,2013-6-20,3
Witherscape,The Inheritance,2013-8-12,Shakhtyor,Shakhtyor,2013-8-15,3
Grumbling Fur,Glynnaestra,2013-9-8,Atlantean Kodex,The White Goddess,2013-9-11,3
Lodz,Something In Us Died,2013-10-14,Revocation,Revocation,2013-10-17,3
Overkill,White Devil Armory,2014-7-18,Vardan,Enjoy of Deep Sadness,2014-7-21,3
Xerath,III,2014-9-11,Audrey Horne,Pure Heavy,2014-9-14,3
Alunah,Awakening The Forest,2014-9-25,Phobocosm,Deprived,2014-9-28,3
Godflesh,A World Lit Only By Fire,2014-10-5,Revocation,Deathless,2014-10-8,3
Revocation,Deathless,2014-10-8,Anaal Nathrakh,Desideratum,2014-10-11,3
Abazagorath,The Satanic Verses,2014-10-18,The Skull,For Those Which Are Asleep,2014-10-21,3
Giant Squid,Minoans,2014-10-30,Ne Obliviscaris,Citadel,2014-11-2,3
Ne Obliviscaris,Citadel,2014-11-2,Manimalism,Manimalism,2014-11-5,3
Desolate Shrine,The Heart of the Netherworld,2015-1-11,Angra,Secret Garden,2015-1-14,3
Vassafor/Temple Nightside,Call of the Maelstrom,2015-2-19,Crypt Sermon,Out of the Garden,2015-2-22,3
Crypt Sermon,Out of the Garden,2015-2-22,Imperial Triumphant,Abyssal Gods,2015-2-25,3
Galar,De gjenlevende,2015-3-10,Frosthelm,The Endless Winter,2015-3-13,3
Frosthelm,The Endless Winter,2015-3-13,Perdition Temple,The Tempter’s Victorious,2015-3-16,3
Ketha,#​!​%​16​.​7,2015-3-18,Unrest,Grindcore,2015-3-21,3
Ufomammut,Ecate,2015-3-30,Heidevolk,Velua,2015-4-2,3
Goatsnake,Black Age Blues,2015-6-20,Lorna Shore,Psalms,2015-6-23,3
Lorna Shore,Psalms,2015-6-23,The Armed,Untitled,2015-6-26,3
Failure,The Heart Is A Monster,2015-6-28,Author & Punisher,Melk En Honing,2015-7-1,3
Alustrium,A Tunnel to Eden,2015-7-16,Destruktor,Opprobrium,2015-7-19,3
Locrian,Infinite Dissolution,2015-7-23,Symphony X,Underworld,2015-7-26,3
Kataklysm,Of Ghosts and Gods,2015-7-30,Hope Drone,Cloak of Ash,2015-8-2,3
Myrkur,M,2015-8-17,Pentagram,Curious Volume,2015-8-20,3
Royal Hunt,XIII Devil’s Dozen,2015-8-28,Amorphis,Under the Red Cloud,2015-8-31,3
Nechochwen,Heart of Akamon,2015-9-11,My Dying Bride,Feel the Misery,2015-9-14,3
My Dying Bride,Feel the Misery,2015-9-14,Queensrÿche,Condition Hüman,2015-9-17,3
Queensrÿche,Condition Hüman,2015-9-17,Sabbath Assembly,Sabbath Assembly,2015-9-20,3
He Whose Ox Is Gored,"The Camel, The Lion, The Child",2015-10-5,Satan,Atom By Atom,2015-10-8,3
Lik,Mass Funeral Evocation,2015-10-15,Dead to a Dying World,Litany,2015-10-18,3
Draconian,Sovran,2015-10-26,Avatarium,The Girl With the Raven Mask,2015-10-29,3
Dodsferd,Wastes of Life,2015-12-6,Jess and the Ancient Ones,Second Psychedelic Coming: The Aquarius Tapes,2015-12-9,3
Skáphe,Skáphe²,2016-3-10,Decrepit Soul,The Coming of War!!,2016-3-13,3
Moonsorrow,Jumalten aika,2016-3-27,The Bendal Interlude,Reign of the Unblinking Eye,2016-3-30,3
The Bendal Interlude,Reign of the Unblinking Eye,2016-3-30,Novembre,URSA,2016-4-2,3
Thränenkind,King Apathy,2016-5-3,Sylvaine,Wistful,2016-5-6,3
Sink,Ark of Contempt and Anger,2016-6-19,Fates Warning,Theories Of Flight,2016-6-22,3
Inquisition,Bloodshed Across the Empyrean Altar Beyond the Celestial Zenith,2016-8-25,Hellbringer,Awakened from the Abyss,2016-8-28,3
Hellbringer,Awakened from the Abyss,2016-8-28,Morrow,Covenant of Teeth,2016-8-31,3
Uada,Devoid of Light,2016-8-31,Voidspawn,Pyrrhic EP,2016-9-3,3
Insomnium,Winter’s Gate,2016-9-12,Cara Neir/Wildspeaker,Guilt and His Reflection [Split],2016-9-15,3
Madder Mortem,Red in Tooth and Claw,2016-11-1,Vader,The Empire,2016-11-4,3
Vader,The Empire,2016-11-4,Xoth,Invasion of the Tentacube,2016-11-7,3
Xoth,Invasion of the Tentacube,2016-11-7,Downfall of Gaia,Atrophy,2016-11-10,3
Conceived By Hate,Death & Beyond,2016-11-11,Spiritus Mortis,The Year is One,2016-11-14,3
Undrask,Battle Through Time,2017-1-19,Pain of Salvation,In the Passing Light of Day,2017-1-22,3
Hour of Penance,Cast The First Stone,2017-1-22,Lorn,Arrayed Claws,2017-1-25,3
Sinister,Syncretism,2017-2-17,Immolation,Atonement,2017-2-20,3
O.R.k.,Soul of an Octopus,2017-2-26,Persefone,Aathma,2017-3-1,3
Darkest Hour,Godless Prophets and the Migrant Flora,2017-3-9,Wormwood,Ghostlands: Wounds from a Bleeding Earth,2017-3-12,3
Wormwood,Ghostlands: Wounds from a Bleeding Earth,2017-3-12,Dodecahedron,Kwintessens,2017-3-15,3
Dodecahedron,Kwintessens,2017-3-15,Venenum,Trance of Death,2017-3-18,3
Ophiuchi,Bifurcaria Bifurcata,2017-4-11,Dynfari,The Four Doors of the Mind,2017-4-14,3
Dynfari,The Four Doors of the Mind,2017-4-14,Lich King,The Omniclasm,2017-4-17,3
Havukruunu,Kelle surut soi,2017-4-27,Hideous Divinity,Adveniens,2017-4-30,3
Hideous Divinity,Adveniens,2017-4-30,The Ruins of Beverast,Exuvia,2017-5-3,3
The Thirteenth Sun,Stardust,2017-5-8,Highland,Loyal to the Nightsky,2017-5-11,3
Highland,Loyal to the Nightsky,2017-5-11,Sabbath Assembly,Rites of Passage,2017-5-14,3
Impure Wilhelmina,Radiation,2017-7-6,Beyond Grace,Seekers,2017-7-9,3
Hell,Hell,2017-8-10,End of Green,Void Estate,2017-8-13,3
Spirit Adrift,Curse of Conception,2017-10-2,Hällas,Excerpts from a Future Past,2017-10-5,3
Sorcerer,The Crowning of the Fire King,2017-10-17,Bell Witch,Mirror Reaper,2017-10-20,3
Sicarius,Serenade of Slitting Throats,2017-10-26,Wobbler,From Silence to Somewhere,2017-10-29,3
Motherslug,The Electric Dunes of Titan,2017-11-5,Converge,The Dusk in Us,2017-11-8,3
Ayat,Carry On Carrion,2017-12-2,The Atomic Bitchwax,Force Field,2017-12-5,3
The Atlas Moth,Coma Noir,2018-2-19,Horizon Ablaze,The Weight of a Thousand Suns,2018-2-22,3
Horizon Ablaze,The Weight of a Thousand Suns,2018-2-22,Usurpress,Interregnum,2018-2-25,3
Among The Rocks And Roots,Raga,2018-3-4,Black Royal,Lightbringer,2018-3-7,3
Death Alley,Superbia,2018-3-23,Nightmarer,Cacophony of Terror,2018-3-26,3
Crone,Godspeed,2018-4-15,Collapse of Light,Each Failing Step,2018-4-18,3
The Night Flight Orchestra,Sometimes the World Ain’t Enough,2018-6-25,Gaerea,Unsettling Whispers,2018-6-28,3
Skeletonwitch,Devouring Radiant Light,2018-7-16,Extremity,Coffin Birth,2018-7-19,3
Manticora,To Kill to Live to Kill,2018-8-2,Bonjour Tristesse,Your Ultimate Urban Nightmare,2018-8-5,3
Monstrosity,The Passage of Existence,2018-9-6,Morne,To the Night Unknown,2018-9-9,3
Sumac,Love in Shadow,2018-9-20,Brainstorm,Midnight Ghost,2018-9-23,3
Heads for the Dead,Serpent’s Curse,2018-9-28,Un,Sentiment,2018-10-1,3
Un,Sentiment,2018-10-1,To End It All,Scourge of Woman,2018-10-4,3
Imperialist,Cipher,2018-10-18,Gorod,Æthra,2018-10-21,3
Outre,Hollow Earth,2018-10-24,Devouring Star,The Arteries of Heresy,2018-10-27,3
Lifelost,Dialogues From Beyond,2018-10-29,Antiverse,Under the Regolith,2018-11-1,3
1914,The Blind Leading the Blind,2018-11-10,Soen,“Rival” Premiere and Lotus,2018-11-13,3
Skull Pit,Skull Pit,2018-11-15,Unreqvited,Mosaic I: L’Amour et L’Ardeur,2018-11-18,3
Unreqvited,Mosaic I: L’Amour et L’Ardeur,2018-11-18,Second to Sun,The Walk,2018-11-21,3
Drottnar,Monolith,2019-2-11,Vanum,Ageless Fire,2019-2-14,3
Vanum,Ageless Fire,2019-2-14,King Apathy,Wounds,2019-2-17,3
Cartographs,Wilt & Blossom,2019-2-28,Source,Totality,2019-3-3,3
Paladin,Ascension,2019-5-16,Goregäng,Neon Graves,2019-5-19,3
Glare of the Sun,Theia,2019-6-20,Ascend the Hollow,Echoes of Existence,2019-6-23,3
Warcrab,Damned in Endless Night,2019-8-29,Ezkaton,Sheen and Misery,2019-9-1,3
Disillusion,The Liberation,2019-9-5,Raventale,Morphine Dead Gardens,2019-9-8,3
Exhorder,Mourn the Southern Skies,2019-9-19,Vorna,Sateet palata saavat,2019-9-22,3
Opeth,In Cauda Venenum,2019-9-26,Ancient Moon,"Benedictus Diabolica, Gloria Patri",2019-9-29,3
Saint Karloff,Interstellar Voodoo,2019-10-6,IATT,Nomenclature,2019-10-9,3
Lacuna Coil,Black Anima,2019-10-10,Maeskyyrn,Interlude,2019-10-13,3
Sammath,Across the Rhine Is Only Death,2019-10-15,Rimfrost,Expedition: Darkness,2019-10-18,3
Dawn Ray’d,Behold Sedition Plainsong,2019-10-24,The Great Old Ones,Cosmicism,2019-10-27,3
The Great Old Ones,Cosmicism,2019-10-27,Wilderun,Veil of Imagination,2019-10-30,3
Second to Sun,Legacy,2019-11-7,Krater,Venenare,2019-11-10,3
Krater,Venenare,2019-11-10,Hideous Divinity,Simulacrum,2019-11-13,3
Necropanther,The Doomed City,2019-11-14,Blood Incantation,Hidden History of the Human Race,2019-11-17,3
Vision of Choice,Mistress of the Gods,2020-2-13,Xenobiotic,Mordrake,2020-2-16,3
Vredehammer,Viperous,2020-3-1,Earth Rot,Black Tides of Obscurity,2020-3-4,3
Canis Dirus,Independence to the Beast,2020-3-5,Rosy Finch,Scarlet,2020-3-8,3
Void of Sleep,Metaphora,2020-3-25,Membaris,Misanthrosophie,2020-3-28,3
Barishi,OId Smoke,2020-4-13,Forlesen,Hierophant Violent,2020-4-16,3
October Falls,Syys,2020-10-31,Hell:on,Scythian Stamm,2020-11-3,3
Demoniac,So It Goes,2021-1-24,Eximperitus­erqethh­zebib­šip­tugak­kath­šul­weliar­zaxułum,Šahrartu,2021-1-27,3
Empyrium,Über den Sternen,2021-2-26,Wÿntër Ärvń,Abysses,2021-3-1,3
Pupil Slicer,Mirrors,2021-3-11,Mare Cognitum,Solar Paroxysm,2021-3-14,3
Impure Wilhelmina,Antidote,2021-5-16,VOLA,Witness,2021-5-19,3
Somnuri,Nefarious Wave,2021-6-4,Portal,Avow,2021-6-7,3
Portal,Avow,2021-6-7,King Buffalo,The Burden of Restlessness,2021-6-10,3
Diabolizer,Khalkedonian Death,2021-7-1,Alustrium,A Monument to Silence,2021-7-4,3
Knife,Knife,2021-10-22,Archspire,Bleed the Future,2021-10-25,3
Mystras,Empires Vanquished and Dismantled,2021-11-4,Outre,Tombe – Abysse Mortifère,2021-11-7,3
Stormkeep,Tales of Othertime,2021-11-19,Tower,Shock to the System,2021-11-22,3
Amorphis,Halo,2022-2-10,The Devils of Loudun,Escaping Eternity,2022-2-13,3
The Devils of Loudun,Escaping Eternity,2022-2-13,Immolation,Acts of God,2022-2-16,3
GGGOLDDD,This Shame Should Not Be Mine,2022-4-3,Marrasmieli,Martaiden Mailta,2022-4-6,3
Dream Evil,In the Night,2010-1-19,Overkill,Ironbound,2010-1-23,4
Immolation,Majesty and Decay,2010-3-5,Kaipa,In the Wake of Evolution,2010-3-9,4
Svartsot,Mulmets Viser,2010-3-17,Heidevolk,Uit Oude Grond,2010-3-21,4
Istapp,Blekinge,2010-6-3,Grave,Burial Ground,2010-6-7,4
Bjørnar Selsbak,Rygteflom/Tunge Taarer,2011-4-28,Argus,Boldly Stride the Doomed,2011-5-2,4
Loss,Despond,2011-6-2,Ulcerate,The Destroyers of All,2011-6-6,4
Rhapsody of Fire,From Chaos to Eternity,2011-6-9,The Black Dahlia Murder,Ritual,2011-6-13,4
Theocracy,As The World Bleeds,2011-12-7,Nightwish,Imaginaerum,2011-12-11,4
Gorod,A Perfect Absolution,2012-3-21,Borknagar,Urd,2012-3-25,4
Borknagar,Urd,2012-3-25,Anathema,Weather Systems,2012-3-29,4
Master’s Hammer,Vracejte Konve Na Misto,2012-5-2,Blood Mortized,The Key to a Black Heart,2012-5-6,4
Sabaton,Carolus Rex,2012-5-20,Ne Obliviscaris,Portal Of I,2012-5-24,4
Paragon,Force of Destruction,2012-11-3,Neurosis,Honor Found In Decay,2012-11-7,4
October Falls,The Plague of a Coming Age,2013-3-12,Nails,Abandon All Life,2013-3-16,4
Colossus,Wake,2013-4-20,Altar of Plagues,Teethed Glory and Injury,2013-4-24,4
Torture Division,The Worship,2013-7-25,Exhumed,Necrocracy,2013-7-29,4
Exhumed,Necrocracy,2013-7-29,Parasite Inc,Time Tears Down,2013-8-2,4
Primitive Man,Scorn,2013-8-23,Ataraxie,L’Être et la Nausée,2013-8-27,4
Exivious,Liminal,2013-11-10,Eudaimony,Futile,2013-11-14,4
Opeth,Pale Communion,2014-8-30,Earth,Primitive and Deadly,2014-9-3,4
Blut Aus Nord,Memoria Vetusta III: Saturnian Poetry,2014-10-1,Madmans Esprit,Nacht,2014-10-5,4
Unearth,Watchers of Rule,2014-11-14,Downfall of Gaia,Aeon Unveils The Throne of Decay,2014-11-18,4
Baring Teeth,Ghost Chorus Among Old Ruins,2014-11-30,Mors Principium Est,Dawn of the 5th Era,2014-12-4,4
Mors Principium Est,Dawn of the 5th Era,2014-12-4,Stormcast,Frame of Mind,2014-12-8,4
Freddy and the Phantoms,Times of Division,2015-1-23,Visigoth,The Revenant King,2015-1-27,4
Visigoth,The Revenant King,2015-1-27,A Swarm of the Sun,The Rifts,2015-1-31,4
Cattle Decapitation,The Anthropocene Extinction,2015-7-26,Kataklysm,Of Ghosts and Gods,2015-7-30,4
Krallice,Ygg huur,2015-8-11,Scythian,Hubris In Excelsis,2015-8-15,4
Satan,Atom By Atom,2015-10-8,The Black Dahlia Murder,Abysmal,2015-10-12,4
Un,The Tomb of All Things,2015-12-2,Dodsferd,Wastes of Life,2015-12-6,4
Mortuary,Nothingless than Nothingness,2016-1-27,Megadeth,Dystopia,2016-1-31,4
Hyperion,Seraphical Euphony,2016-2-23,Voivod,Post Society EP,2016-2-27,4
Sylvaine,Wistful,2016-5-6,Winterhorde,Maestro,2016-5-10,4
Marsh Dweller,The Weight of Sunlight,2016-8-7,Darkher,Realms,2016-8-11,4
Unfathomable Ruination,Finitude,2016-9-4,Sumerlands,Sumerlands,2016-9-8,4
Oozing Wound,Whatever Forever,2016-10-13,The Dillinger Escape Plan,Dissociation,2016-10-17,4
Immolation,Atonement,2017-2-20,Aeternam,Ruins of Empires,2017-2-24,4
Sons of a Wanted Man,Black Days Black Dust,2017-3-2,Junius,Eternal Rituals for the Accretion of Light,2017-3-6,4
Lantern,II: Morphosis,2017-3-23,1476,Our Season Draws Near,2017-3-27,4
Lich King,The Omniclasm,2017-4-17,Vampire,With Primeval Force,2017-4-21,4
Vampire,With Primeval Force,2017-4-21,Ghost Bath,Starmourner,2017-4-25,4
Voyager,Ghost Mile,2017-5-4,The Thirteenth Sun,Stardust,2017-5-8,4
Tau Cross,Pillar of Fire,2017-7-19,Violet Cold,Anomie,2017-7-23,4
Dead Cross,Dead Cross,2017-8-3,Pyrrhon,What Passes for Survival,2017-8-7,4
BIG|BRAVE,Ardor,2017-9-14,Chelsea Wolfe,Hiss Spun,2017-9-18,4
Caligula’s Horse,In Contact,2017-9-28,Spirit Adrift,Curse of Conception,2017-10-2,4
Crimfall,Amain,2017-10-12,Hallatar,No Stars Upon the Bridge,2017-10-16,4
Converge,The Dusk in Us,2017-11-8,Hobosexual,Monolith,2017-11-12,4
Halphas,Dawn of a Crimson Empire,2018-1-11,Witchcryer,Cry Witch,2018-1-15,4
Agrimonia,Awaken,2018-1-26,Crow Black Sky,Sidereal Light: Volume One,2018-1-30,4
Weedpecker,III,2018-2-1,Bind Torture Kill,Viscères,2018-2-5,4
Harm’s Way,Posthuman,2018-2-7,In Vain,Currents,2018-2-11,4
Black Royal,Lightbringer,2018-3-7,Eryn Non Dae.,Abandon of the Self,2018-3-11,4
Angra,ØMNI,2018-3-11,Gygax,2nd Edition,2018-3-15,4
Light This City,Terminal Bloom,2018-5-30,Kataklysm,Meditations,2018-6-3,4
Fire Down Below,Hymn of the Cosmic Man,2018-6-20,Anicon,Entropy Mantra,2018-6-24,4
Between the Buried and Me,Automata II,2018-7-12,Skeletonwitch,Devouring Radiant Light,2018-7-16,4
To End It All,Scourge of Woman,2018-10-4,Mutilated by Zombies,Scripts of Anguish,2018-10-8,4
Blue Hummingbird on the Left,Atl Tlachinolli,2019-2-7,Drottnar,Monolith,2019-2-11,4
Sermon,Birth of the Marvellous,2019-3-21,Devin Townsend,Empath,2019-3-25,4
Skelator,Cyber Metal,2019-6-12,Organectomy,Existential Disconnect,2019-6-16,4
Ezkaton,Sheen and Misery,2019-9-1,Disillusion,The Liberation,2019-9-5,4
殞煞 Vengeful Spectre,殞煞 Vengeful Spectre,2020-1-28,Marrasmieli,Between Land and Sky,2020-2-1,4
Drown,Subaqueous,2020-2-26,Black Royal,Firebride,2020-3-1,4
Neck of the Woods,The Annex of Ire,2020-3-15,Hyborian,Vol. II,2020-3-19,4
Hyborian,Vol. II,2020-3-19,Aeternam,Al Qassam,2020-3-23,4
Calligram,The Eye Is The First Circle,2020-4-9,Barishi,OId Smoke,2020-4-13,4
Forlesen,Hierophant Violent,2020-4-16,Dark Forest,"Oak, Ash & Thorn",2020-4-20,4
Ebonivory,The Long Dream I,2020-6-4,Ulthar,Providence,2020-6-8,4
Valdrin,Effigy of Nightmares,2020-6-10,Fornicus,Sulphuric Omnipotence,2020-6-14,4
Dkharmakhaoz,Proclamation ov the Black Suns,2020-7-29,Faceless Burial,Speciation,2020-8-2,4
Ascian,Elysion,2020-9-29,Arcade Messiah,The Host,2020-10-3,4
Omnivortex,Diagrams of Consciousness,2020-11-19,Shores of Null,Beyond the Shores (On Death and Dying),2020-11-23,4
Misotheist,For the Glory of Your Redeemer,2021-2-4,Ad Nauseam,Imperative Imperceptible Impulse,2021-2-8,4
Mare Cognitum,Solar Paroxysm,2021-3-14,Dvne,Etemen Ænka,2021-3-18,4
Dvne,Etemen Ænka,2021-3-18,Cryptosis,Bionic Swarm,2021-3-22,4
Vokonis,Odyssey,2021-5-5,Subterranean Masquerade,Mountain Fever,2021-5-9,4
Dordeduh,Har,2021-5-12,Impure Wilhelmina,Antidote,2021-5-16,4
VOLA,Witness,2021-5-19,Mental Cruelty,A Hill to Die Upon,2021-5-23,4
Mental Cruelty,A Hill to Die Upon,2021-5-23,Silver Talon,Decadence and Decay,2021-5-27,4
Thy Catafalque,Vadak,2021-6-27,Diabolizer,Khalkedonian Death,2021-7-1,4
Tower,Shock to the System,2021-11-22,In Mourning,The Bleeding Veil,2021-11-26,4
In Mourning,The Bleeding Veil,2021-11-26,Opera Diabolicus,Death on a Pale Horse,2021-11-30,4
Vorga,Striving toward Oblivion,2022-2-2,Cult of Luna,The Long Road North,2022-2-6,4
Cult of Luna,The Long Road North,2022-2-6,Amorphis,Halo,2022-2-10,4
Darkher,The Buried Storm,2022-4-10,Urferd,Resan,2022-4-14,4
Wachenfeldt,Faustian Reawakening,2022-5-5,Cavernlight,As I Cast Ruin Upon the Lens That Reveals My Every Flaw,2022-5-9,4
Rhapsody of Fire,The Frozen Tears of Angels,2010-4-15,Triptykon,Eparistera Daimones,2010-4-20,5
Witchery,Witchkrieg,2010-6-16,Grand Magus,Hammer of the North,2010-6-21,5
Allegaeon,Fragments of Form and Function,2010-7-15,Demiurg,Slakthus Gamleby,2010-7-20,5
Belphegor,Blood Magick Necromance,2011-1-12,Defiled,In Crisis,2011-1-17,5
Defiled,In Crisis,2011-1-17,Helrunar,Sol,2011-1-22,5
Autopsy,Macabre Eternal,2011-5-17,Anaal Nathrakh,Passion,2011-5-22,5
Draconian,A Rose for the Apocalypse,2011-6-22,Necrovorous,Funeral for the Sane,2011-6-27,5
Stormzone,Zero to Rage,2011-11-15,Iron Savior,The Landing,2011-11-20,5
Woods of Ypres,Woods 5: Grey Skies & Electric Light,2012-2-9,Pallbearer,Sorrow and Extinction,2012-2-14,5
Asphyx,Deathhammer,2012-2-28,Desaster,The Arts of Destruction,2012-3-4,5
Inverloch,Dusk | Subside,2012-4-4,Black Breath,Sentenced to Life,2012-4-9,5
Testament,Dark Roots of Earth,2012-8-1,Necrovation,Necrovation,2012-8-6,5
Cnoc An Tursa,The Giants of Auld,2013-2-19,Hatriot,Heroes of Origin,2013-2-24,5
Hatriot,Heroes of Origin,2013-2-24,The Fall of Every Season,Amends,2013-3-1,5
White Wizzard,The Devil’s Cut,2013-6-9,Author & Punisher,Women & Children,2013-6-14,5
Unkind,Pelon Juuret,2013-7-6,Cerekloth,In the Midst of Life We are in Death,2013-7-11,5
Ulcerate,Vermis,2013-9-3,Grumbling Fur,Glynnaestra,2013-9-8,5
Haken,The Mountain,2013-9-12,Vattnet Viskar,Sky Swallower,2013-9-17,5
Sarkom,Doomsday Elite,2013-10-9,Lodz,Something In Us Died,2013-10-14,5
Eye of Solitude,Canto III,2013-11-16,Ayreon,The Theory of Everything,2013-11-21,5
Nebelung,Palingenesis,2014-3-1,Morbus Chron,Sweven,2014-3-6,5
Triptykon,Melana Chasmata,2014-4-17,Elvenking,The Pagan Manifesto,2014-4-22,5
A Swarm of the Sun,The Rifts,2015-1-31,Putrid Offal,Mature Necropsy,2015-2-5,5
Wino and Conny Ochs,Freedom Conspiracy,2015-3-22,The Order of Apollyon,The Sword and the Dagger,2015-3-27,5
Pyramaze,Disciples of the Sun,2015-5-22,Amestigon,Thier,2015-5-27,5
Sabbath Assembly,Sabbath Assembly,2015-9-20,Ares Kingdom,The Unburiable Dead,2015-9-25,5
Nightfell,Darkness Evermore,2015-11-16,Wailin Storms,One Foot in the Flesh Grave,2015-11-21,5
Abbath,Abbath,2016-1-20,Chthe’ilist,Le Dernier Crépuscule,2016-1-25,5
Inverloch,Distance | Collapsed,2016-2-27,Obsidian Kingdom,A Year with No Summer,2016-3-3,5
Obsidian Kingdom,A Year with No Summer,2016-3-3,Wormed,Krighsu,2016-3-8,5
King Goat,Conduit,2016-3-22,Moonsorrow,Jumalten aika,2016-3-27,5
Abhomine,Larve Offal Swine,2016-4-22,Haken,Affinity,2016-4-27,5
Suidakra,Realms of Odoric,2016-5-11,Vainaja,Verenvalaja,2016-5-16,5
Katatonia,The Fall of Hearts,2016-6-14,Sink,Ark of Contempt and Anger,2016-6-19,5
Pseudo/Sentai,Enter the Sentai,2016-7-1,Profanatica,The Curling Flame of Blasphemy,2016-7-6,5
Profanatica,The Curling Flame of Blasphemy,2016-7-6,Witherscape,The Northern Sanctuary,2016-7-11,5
Vulvodynia,Psychosadistic Design,2016-7-12,Caïna,Christ Clad in White Phosphorus,2016-7-17,5
Darkher,Realms,2016-8-11,Blood Incantation,Starspawn,2016-8-16,5
Kryptos,Burn up the Night,2016-9-30,The Reticent,On the Eve of a Goodbye,2016-10-5,5
Violet Cold,Magic Night,2016-12-3,Crimson Moon,Oneironaut,2016-12-8,5
Akercocke,Renaissance In Extremis,2017-8-29,Subterranean Masquerade,Vagabond,2017-9-3,5
Jag Panzer,The Deviant Chord,2017-10-7,Crimfall,Amain,2017-10-12,5
In Vain,Currents,2018-2-11,Dream Tröll,The Witch’s Curse EP,2018-2-16,5
Gygax,2nd Edition,2018-3-15,Mournful Congregation,The Incubus of Karma,2018-3-20,5
Collapse of Light,Each Failing Step,2018-4-18,Inferi,Revenant,2018-4-23,5
Amorphis,Queen of Time,2018-5-16,Alkaloid,Liquid Anatomy,2018-5-21,5
Gaerea,Unsettling Whispers,2018-6-28,Vanhelga,Fredagsmys,2018-7-3,5
Aver,Orbis Majora,2019-1-16,Ars Magna Umbrae,Lunar Ascension,2019-1-21,5
Déhà,Cruel Words,2019-3-27,Crown of Autumn,Byzantine Horizons,2019-4-1,5
Wheel,Moving Backwards,2019-4-13,Dead to a Dying World,Elegy,2019-4-18,5
Calyx,Vientos Arcaicos,2019-5-22,Adrift,Pure,2019-5-27,5
Beastwars,IV,2019-6-27,Dream Tröll,“I Will Not Die Today” Video Premiere and Second to None,2019-7-2,5
Astralium,Land of Eternal Dreams,2019-8-22,Hope Drone,Void Lustre,2019-8-27,5
Ancient Moon,"Benedictus Diabolica, Gloria Patri",2019-9-29,Arallu,En Olam,2019-10-4,5
Wake,Devouring Ruin,2020-4-3,Benighted,Obscene Repressed,2020-4-8,5
…and Oceans,Cosmic World Mother,2020-5-5,Winterfylleth,The Reckoning Dawn,2020-5-10,5
Akolyth,Akolyth,2020-5-28,Witches,The Fates,2020-6-2,5
Haken,VIrus,2020-7-23,Imperial Triumphant,Alphaville,2020-7-28,5
Panzerfaust,The Suns of Perdition – Chapter II: Render unto Eden,2020-8-27,Oceans of Slumber,Oceans of Slumber,2020-9-1,5
Svalbard,"When I Die, Will I Get Better?",2020-9-22,Anaal Nathrakh,Endarkenment,2020-9-27,5
Cryptic Shift,Visitations from Enceladus,2020-10-16,Wobbler,Dwellers of the Deep,2020-10-21,5
Slow Fall,Beneath the Endless Rains,2020-10-22,Scardust,Strangers,2020-10-27,5
Soen,Imperial Vinyl,2021-1-28,The Ruins of Beverast,The Thule Grimoires,2021-2-2,5
Bossk,Migration,2021-6-22,Thy Catafalque,Vadak,2021-6-27,5
Black Sites,Untrue,2021-10-29,Glassing,Twin Dream,2021-11-3,5
Dormant Ordeal,The Grand Scheme of Things,2021-12-2,Clouds,Despărțire,2021-12-7,5
Wilderun,Epigone,2022-1-6,Aethereus,Leiden,2022-1-11,5
Aethereus,Leiden,2022-1-11,Trenches,Reckoner,2022-1-16,5
Satan,Earth Infernal,2022-3-28,Mares of Thrace,The Exile,2022-4-2,5
Vital Spirit,"Still As the Night, Cold As the Wind",2022-5-10,Moon Tooth,Phototroph,2022-5-15,5
Circle of Silence,Walk Through Hell,2022-5-26,Alex Nunziati,Il Mangiatore di Peccati,2022-5-31,5
Kaipa,In the Wake of Evolution,2010-3-9,Eternal Silence,The Arsonist,2010-3-15,6
The Dillinger Escape Plan,Option Paralysis,2010-3-24,Barren Earth,Curse of the Red River,2010-3-30,6
The Ocean,Heliocentric,2010-4-9,Rhapsody of Fire,The Frozen Tears of Angels,2010-4-15,6
Cynic,Re-Traced,2010-5-3,Wuthering Heights,Salt,2010-5-9,6
Pain of Salvation,Road Salt pt. 1 – Ivory –,2010-5-11,Ragnarok,Collectors of the King,2010-5-17,6
Grand Magus,Hammer of the North,2010-6-21,Iron Thrones,The Wretched Sun,2010-6-27,6
Enslaved,Axioma Ethica Odini,2010-9-16,Nightfall,Astron Black and the Thirty Tyrants,2010-9-22,6
Moonsorrow,Varjoina Kuljemme Kuolleiden Maassa,2011-2-10,Destruction,Day of Reckoning,2011-2-16,6
Vicious Rumors,Razorback Killers,2011-3-22,Torture Division,Through the Eyes of a Dead,2011-3-28,6
Torture Division,Through the Eyes of a Dead,2011-3-28,Blood Mortized,Bestial,2011-4-3,6
While Heaven Wept,Fear of Infinity,2011-4-22,Bjørnar Selsbak,Rygteflom/Tunge Taarer,2011-4-28,6
Bodyfarm,Bodyfarm EP,2011-5-3,Hate Eternal,Phoenix Amongst the Ashes,2011-5-9,6
The Book of Mormon,Cast Recording,2011-5-11,Autopsy,Macabre Eternal,2011-5-17,6
Tyr,The Lay of Thrym,2011-5-25,Falconer,Armod,2011-5-31,6
Arch/Matheos,Sympathetic Resonance,2011-9-5,Morbus Chron,Sleepers in the Rift,2011-9-11,6
Anubis Gate,Anubis Gate,2011-9-20,Voyager,The Meaning of I,2011-9-26,6
Dodecahedron,Dodecahedron,2012-2-3,Woods of Ypres,Woods 5: Grey Skies & Electric Light,2012-2-9,6
Anathema,Weather Systems,2012-3-29,Inverloch,Dusk | Subside,2012-4-4,6
Black Breath,Sentenced to Life,2012-4-9,Huntress,Spell Eater,2012-4-15,6
Ne Obliviscaris,Portal Of I,2012-5-24,Kreator,Phantom Antichrist,2012-5-30,6
Alpha Tiger,Beneath the Surface,2013-2-3,Spektr,Cypher,2013-2-9,6
Ataraxie,L’Être et la Nausée,2013-8-27,Carcass,Surgical Steel,2013-9-2,6
The Body,"Christs, Redeemers",2013-10-3,Sarkom,Doomsday Elite,2013-10-9,6
Inquisition,Obscure Verses for the Multiverse,2013-10-20,Skeletonwitch,Serpents Unleashed,2013-10-26,6
Brainstorm,Firesoul,2014-3-20,Pyrrhon,The Mother of Virtues,2014-3-26,6
The Atlas Moth,The Old Believer,2014-6-5,Wretched,Cannibal,2014-6-11,6
My Brother The Wind,Once There Was A Time When Time And Space Were One,2014-10-12,Abazagorath,The Satanic Verses,2014-10-18,6
Imperial Triumphant,Abyssal Gods,2015-2-25,Kjeld,Skym,2015-3-3,6
Heidevolk,Velua,2015-4-2,Royal Thunder,Crooked Doors,2015-4-8,6
Ninkharsag,The Blood of Celestial Kings,2015-5-8,Ironsword,None But the Brave,2015-5-14,6
Secrets of the Sky,Pathway,2015-5-16,Pyramaze,Disciples of the Sun,2015-5-22,6
Amestigon,Thier,2015-5-27,Wilderun,Sleep at the Edge of the Earth,2015-6-2,6
Pyrrhon,Growth Without End,2015-6-4,Night Flight Orchestra,Skyline Whispers,2015-6-10,6
Trials,This Ruined World,2015-8-4,Deathwhite,Solitary Martyr EP,2015-8-10,6
Gygax,Critical Hits,2016-1-12,Gomorrah,The Haruspex,2016-1-18,6
Novembre,URSA,2016-4-2,SIG:AR:TYR,Northen,2016-4-8,6
Haken,Affinity,2016-4-27,Thränenkind,King Apathy,2016-5-3,6
Spiritus Mortis,The Year is One,2016-11-14,Witchery,In His Infernal Majesty’s Service,2016-11-20,6
Night Flight Orchestra,Amber Galactic,2017-5-16,Loss,Horizonless,2017-5-22,6
The Necromancers,Servants of the Salem Girl,2017-8-15,Bloodlust,At the Devil’s Left Hand,2017-8-21,6
Wobbler,From Silence to Somewhere,2017-10-29,Keldian,Darkness and Light,2017-11-4,6
Witchcryer,Cry Witch,2018-1-15,Ocean of Grief,Nightfall’s Lament,2018-1-21,6
Octopus,Supernatural Alliance,2018-4-9,Crone,Godspeed,2018-4-15,6
Human Cull,Revenant,2018-6-14,Fire Down Below,Hymn of the Cosmic Man,2018-6-20,6
Kraków,minus,2018-8-28,Mule Skinner,Airstrike,2018-9-3,6
Mutilated by Zombies,Scripts of Anguish,2018-10-8,Heir Apparent,The View From Below,2018-10-14,6
Antiverse,Under the Regolith,2018-11-1,Décembre Noir,Autumn Kings,2018-11-7,6
Second to Sun,The Walk,2018-11-21,Vanishing Kids,Heavy Dreamer,2018-11-27,6
Frozen Land,Frozen Land,2018-12-10,Sulphur Aeon,The Scythe of Cosmic Chaos,2018-12-16,6
Altarage,The Approaching Roar,2019-1-24,Soen,Lotus,2019-1-30,6
Soen,Lotus,2019-1-30,Downfall of Gaia,Ethic of Radical Finitude,2019-2-5,6
Black Sites,Exile,2019-4-18,Istapp,The Insidious Star,2019-4-24,6
Nightfell,A Sanity Deranged,2019-9-10,Cult of Luna,A Dawn to Fear,2019-9-16,6
Raphael Weinroth,Browne – Worlds Within,2020-1-22,殞煞 Vengeful Spectre,殞煞 Vengeful Spectre,2020-1-28,6
Afterbirth,Four Dimensional Flesh,2020-3-9,Neck of the Woods,The Annex of Ire,2020-3-15,6
Malist,To Mantle the Rising Sun,2020-4-27,Green Carnation,Leaves of Yesteryear,2020-5-3,6
Oceans of Slumber,Oceans of Slumber,2020-9-1,Raventale,Planetarium II,2020-9-7,6
Sunken,Livslede,2020-9-14,Blackevil,Forever Baptised in Eternal Fire,2020-9-20,6
Arcade Messiah,The Host,2020-10-3,Hellripper,The Affair of the Poisons,2020-10-9,6
Necrophobic,Dawn of the Damned,2020-10-10,Cryptic Shift,Visitations from Enceladus,2020-10-16,6
Mr Bungle,The Raging Wrath of the Easter Bunny Demo,2020-11-5,Liminal Shroud,“Tainted Soil” Premiere and Through the False Narrows,2020-11-11,6
Dark Buddha Rising,Mathreyata,2020-11-13,Omnivortex,Diagrams of Consciousness,2020-11-19,6
The Silver,Ward of Roses,2021-10-13,WORM,Foreverglade,2021-10-19,6
Spider God,Black Renditions,2022-1-27,Vorga,Striving toward Oblivion,2022-2-2,6
In Aphelion,Moribund,2022-3-10,Idol of Fear,Trespasser,2022-3-16,6
Idol of Fear,Trespasser,2022-3-16,Aeviterne,The Ailing Facade,2022-3-22,6
Urferd,Resan,2022-4-14,Undeath,It’s Time… to Rise from the Grave,2022-4-20,6
Undeath,It’s Time… to Rise from the Grave,2022-4-20,Novarupta,Carrion Movements,2022-4-26,6
Steelwing,Lord of the Wasteland,2010-4-26,Cynic,Re-Traced,2010-5-3,7
Iron Thrones,The Wretched Sun,2010-6-27,Amorphis,Forging the Land of Thousand Lakes,2010-7-4,7
Accept,Blood of Nations,2010-9-7,Winterhorde,Underwatermoon,2010-9-14,7
Allen/Lande,The Showdown,2010-11-2,Melechesh,The Epigenesis,2010-11-9,7
Melechesh,The Epigenesis,2010-11-9,Atlantean Kodex,The Golden Bough,2010-11-16,7
Atlantean Kodex,The Golden Bough,2010-11-16,Torture Division,Evighetens Dårar,2010-11-23,7
Before the Dawn,Deathstar Rising,2011-2-20,Jag Panzer,The Scourge of the Light,2011-2-27,7
Assaulter,Boundless,2011-3-10,Amon Amarth,Surtur Rising,2011-3-17,7
The Black Dahlia Murder,Ritual,2011-6-13,Rival Sons,Pressure and Time,2011-6-20,7
Necrovorous,Funeral for the Sane,2011-6-27,Battle Beast,Steel,2011-7-4,7
Morbus Chron,Sleepers in the Rift,2011-9-11,Pain of Salvation,Road Salt Two [Ebony],2011-9-18,7
Nightwish,Imaginaerum,2011-12-11,The Man,Eating Tree – Harvest,2011-12-18,7
Huntress,Spell Eater,2012-4-15,Wodensthrone,Curse,2012-4-22,7
Blood Mortized,The Key to a Black Heart,2012-5-6,Steel Assassin,WWII: Metal of Honor,2012-5-13,7
Kreator,Phantom Antichrist,2012-5-30,Dawnbringer,Into the Lair of the Sun God,2012-6-6,7
Vintersorg,Orkan,2012-6-21,Gojira,L’Enfant Sauvage,2012-6-28,7
Trollfest,Brumlebassen,2012-8-19,An Autumn for Crippled Children,Only the Ocean Knows,2012-8-26,7
Shakhtyor,Shakhtyor,2013-8-15,Turisas,Turisas2013,2013-8-22,7
Obelyskkh,Hymn To Pan,2013-9-26,The Body,"Christs, Redeemers",2013-10-3,7
Falkenbach,Asa,2013-11-3,Exivious,Liminal,2013-11-10,7
Behemoth,The Satanist,2014-2-5,Hail Spirit Noir,Oi Magoi,2014-2-12,7
Elvenking,The Pagan Manifesto,2014-4-22,Of Spire & Throne,Toll of the Wound,2014-4-29,7
Of Spire & Throne,Toll of the Wound,2014-4-29,Castle,Under Siege,2014-5-6,7
Doom:VS,Earthless,2014-5-8,Décembre Noir,A Discouraged Believer,2014-5-15,7
Vainaja,Kadotetut,2014-5-19,Darkest Era,Severance,2014-5-26,7
Vardan,Enjoy of Deep Sadness,2014-7-21,Panopticon,Roads to the North,2014-7-28,7
Kjeld,Skym,2015-3-3,Galar,De gjenlevende,2015-3-10,7
Chelsea Wolfe,Abyss,2015-8-21,Royal Hunt,XIII Devil’s Dozen,2015-8-28,7
Mantar,Ode to the Flame,2016-4-12,Beastwars,The Death of All Things,2016-4-19,7
Vainaja,Verenvalaja,2016-5-16,Sektemtum,Panacea,2016-5-23,7
Cara Neir/Wildspeaker,Guilt and His Reflection [Split],2016-9-15,Neurosis,Fires Within Fires,2016-9-22,7
Neurosis,Fires Within Fires,2016-9-22,Thy Catafalque,Meta,2016-9-29,7
Northern Crown,The Others,2016-10-6,Oozing Wound,Whatever Forever,2016-10-13,7
Negură Bunget,Zi,2016-10-19,Anaal Nathrakh,The Whole of the Law,2016-10-26,7
Helheim,landawarijaR,2017-1-12,Undrask,Battle Through Time,2017-1-19,7
Royal Thunder,Wick,2017-4-4,Ophiuchi,Bifurcaria Bifurcata,2017-4-11,7
Leprous,Malina,2017-8-22,Akercocke,Renaissance In Extremis,2017-8-29,7
Dyscarnate,With All Their Might,2017-9-21,Caligula’s Horse,In Contact,2017-9-28,7
The Negative Bias,Lamentations of the Chaos Omega,2017-12-7,The Clearing Path,Watershed Between Firmament and the Realm of Hyperborea,2017-12-14,7
Black Book Lodge,Steeple and Spire,2018-5-23,Light This City,Terminal Bloom,2018-5-30,7
Vanhelga,Fredagsmys,2018-7-3,Imperial Triumphant,Vile Luxury,2018-7-10,7
Morne,To the Night Unknown,2018-9-9,Voivod,The Wake,2018-9-16,7
Wachenfeldt,The Interpreter,2019-2-19,Vimur,Triumphant Master of Fates,2019-2-26,7
An Isolated Mind,I’m Losing Myself,2019-7-7,Tomb Mold,Planetary Clairvoyance,2019-7-14,7
Tomb Mold,Planetary Clairvoyance,2019-7-14,Lacrimas Profundere,Bleeding the Stars,2019-7-21,7
Wilderun,Veil of Imagination,2019-10-30,Schammasch,Hearts of No Light,2019-11-6,7
Convocation,Ashes Coalesce,2020-7-14,Defeated Sanity,The Sanguinary Impetus,2020-7-21,7
Havukruunu,Uinuos syömein sota,2020-8-18,Cytotoxin,Nuklearth,2020-8-25,7
Raventale,Planetarium II,2020-9-7,Sunken,Livslede,2020-9-14,7
Wÿntër Ärvń,Abysses,2021-3-1,Sepulcros,Vazio,2021-3-8,7
Silver Talon,Decadence and Decay,2021-5-27,Boss Keloid,Family the Smiling Thrush,2021-6-3,7
Beyond Grace,Our Kingdom Undone,2021-9-6,Brainstorm,Wall of Skulls,2021-9-13,7
Brainstorm,Wall of Skulls,2021-9-13,Seven Spires,Gods of Debauchery,2021-9-20,7
Duel,In Carne Persona,2021-10-3,Franklin Zoo,The Dandelion Child,2021-10-10,7
Black Soul Horde,Horrors from the Void,2021-11-8,Plebeian Grandstand,Rien ne suffit,2021-11-15,7
Clouds,Despărțire,2021-12-7,Memory Garden,1349,2021-12-14,7
Midnight,Let There Be Witchery,2022-3-3,Pillaging Villagers,Pillaging Villagers,2022-3-10,7
Alex Nunziati,Il Mangiatore di Peccati,2022-5-31,Kardashev,Liminal Rite,2022-6-7,7
Fejd,Eifur,2010-12-8,Dawnbringer,Nucleus,2010-12-16,8
Thomas Giles,Pulse,2011-1-25,Macabre,Grim Scary Tales,2011-2-2,8
Hammers of Misfortune,17th Street,2011-11-2,Orphaned Land,The Road to OR-Shalem,2011-11-10,8
Wodensthrone,Curse,2012-4-22,Kontrust,Second Hand Wonderland,2012-4-30,8
Sophicide,Perdition of the Sublime,2012-8-7,Bedemon,Symphony of Shadows,2012-8-15,8
Cult of Luna,Vertikal,2013-1-18,Convulse,Inner Evil EP,2013-1-26,8
Convulse,Inner Evil EP,2013-1-26,Alpha Tiger,Beneath the Surface,2013-2-3,8
Skeletonwitch,Serpents Unleashed,2013-10-26,Falkenbach,Asa,2013-11-3,8
Hail Spirit Noir,Oi Magoi,2014-2-12,Will of the Ancients,To Our Glorious Dead,2014-2-20,8
Deathwhite,Ethereal EP,2014-6-23,Origin,Omnipresent,2014-7-1,8
Belphegor,Conjuring the Dead,2014-7-29,Midnight,No Mercy for Mayhem,2014-8-6,8
Earth,Primitive and Deadly,2014-9-3,Xerath,III,2014-9-11,8
Manimalism,Manimalism,2014-11-5,Voices,London,2014-11-13,8
Outre,Ghost Chants,2015-4-12,Unleashed,Dawn Of The Nine,2015-4-20,8
Gloryhammer,Space 1992: Rise of the Chaos Wizards,2015-9-27,Gorod,A Maze of Recycled Creeds,2015-10-5,8
Anthrax,For All Kings,2016-2-15,Hyperion,Seraphical Euphony,2016-2-23,8
Decrepit Soul,The Coming of War!!,2016-3-13,Rimfrost,Rimfrost,2016-3-21,8
Virus,Memento Collider,2016-6-5,The Vision Bleak,The Unknown,2016-6-13,8
Fates Warning,Theories Of Flight,2016-6-22,Inter Arma,Paradise Gallows,2016-6-30,8
1476,Our Season Draws Near,2017-3-27,Royal Thunder,Wick,2017-4-4,8
Boris,Dear,2017-7-11,Tau Cross,Pillar of Fire,2017-7-19,8
Sun of the Sleepless,To the Elements,2017-7-25,Temple of Void,Lords of Death,2017-8-2,8
Messa,Feast for Water,2018-4-1,Octopus,Supernatural Alliance,2018-4-9,8
Sacrificed Alliance,Withdrawn,2018-8-6,Cemetery Urn,Barbaric Retribution,2018-8-14,8
Marrasmieli,Between Land and Sky,2020-2-1,Blaze of Perdition,The Harrowing of Hearts,2020-2-9,8
Fornicus,Sulphuric Omnipotence,2020-6-14,Pale Divine,Consequence of Time,2020-6-22,8
Novarupta,Carrion Movements,2022-4-26,Ou,one,2022-5-4,8
Barren Earth,Curse of the Red River,2010-3-30,Bison B.C.,Dark Ages,2010-4-8,9
Grave,Burial Ground,2010-6-7,Witchery,Witchkrieg,2010-6-16,9
Jag Panzer,The Scourge of the Light,2011-2-27,Crimfall,The Writ of Sword,2011-3-8,9
Blood Mortized,Bestial,2011-4-3,Septic Flesh,The Great Mass,2011-4-12,9
Dawnbringer,Into the Lair of the Sun God,2012-6-6,Carach Angren,Where the Corpses Sink Forever,2012-6-15,9
Beneath,Enslaved by Fear,2012-10-17,Dethklok,Dethalbum III,2012-10-26,9
Vattnet Viskar,Sky Swallower,2013-9-17,Obelyskkh,Hymn To Pan,2013-9-26,9
Indian,From All Purity,2014-1-15,Soreption,Engineering the Void,2014-1-24,9
Will of the Ancients,To Our Glorious Dead,2014-2-20,Nebelung,Palingenesis,2014-3-1,9
Nightsatan,Nightsatan and the Loops of Doom,2014-3-27,Gazpacho,Demon,2014-4-5,9
Force of Darkness,Absolute Verb of Chaos and Darkness,2014-8-16,Sólstafir,Ótta,2014-8-25,9
Threshold,For the Journey,2014-9-16,As Light Dies,The Love Album – Volume I,2014-9-25,9
Skelethal,Interstellar Knowledge of the Purple Entity,2014-11-19,Primordial,Where Greater Men Have Fallen,2014-11-28,9
Angra,Secret Garden,2015-1-14,Freddy and the Phantoms,Times of Division,2015-1-23,9
Night Flight Orchestra,Skyline Whispers,2015-6-10,Thornesbreed,GTRD,2015-6-19,9
Blood Incantation,Starspawn,2016-8-16,Inquisition,Bloodshed Across the Empyrean Altar Beyond the Celestial Zenith,2016-8-25,9
High Fighter,Champain,2019-7-22,The Offering,Home,2019-7-31,9
Xenobiotic,Mordrake,2020-2-16,Kvaen,The Funeral Pyre,2020-2-25,9
Cormorant,Metazoa,2009-9-18,Scar Symmetry,Dark Matter Dimensions,2009-9-28,10
Oskoreien,Illusions,2010-2-23,Immolation,Majesty and Decay,2010-3-5,10
Ghost,Opus Eponymous,2011-1-2,Belphegor,Blood Magick Necromance,2011-1-12,10
Septic Flesh,The Great Mass,2011-4-12,While Heaven Wept,Fear of Infinity,2011-4-22,10
Aurvandil,Yearning,2011-7-21,Vader,Welcome to the Morbid Reich,2011-7-31,10
Pharaoh,Bury the Light,2012-2-16,Lanfear,This Harmonic Consonance,2012-2-26,10
Gojira,L’Enfant Sauvage,2012-6-28,Vindicator,United We Fall,2012-7-8,10
Monolithe,Monolithe III,2012-11-10,Aoria,The Constant,2012-11-20,10
Parasite Inc,Time Tears Down,2013-8-2,Witherscape,The Inheritance,2013-8-12,10
Darkest Era,Severance,2014-5-26,The Atlas Moth,The Old Believer,2014-6-5,10
Midnight,No Mercy for Mayhem,2014-8-6,Force of Darkness,Absolute Verb of Chaos and Darkness,2014-8-16,10
Thormesis,The Sixth,2019-3-7,Venom Prison,Samsara,2019-3-17,10
Belzebubs,Pantheon of the Nightside Gods,2019-4-25,Idle Hands,Mana,2019-5-5,10
Spirit Adrift,Divided by Darkness,2019-5-6,Glassing,Spotted Horse,2019-5-16,10
Headshrinker,Callous Indifference,2021-8-27,Beyond Grace,Our Kingdom Undone,2021-9-6,10
Luminous Vault,Animate the Emptiness,2022-5-16,Circle of Silence,Walk Through Hell,2022-5-26,10
Shining,VI/Klagopsalmer,2009-7-24,Sonata Arctica,The Days of Grays,2009-8-4,11
Amorphis,Forging the Land of Thousand Lakes,2010-7-4,Allegaeon,Fragments of Form and Function,2010-7-15,11
Zombiefication,Reaper’s Consecration,2012-7-9,Father Befouled,Revulsion of Seraphic Grace,2012-7-20,11
The Fall of Every Season,Amends,2013-3-1,October Falls,The Plague of a Coming Age,2013-3-12,11
Victor Griffin’s In,Graved,2013-3-21,Black Boned Angel,The End,2013-4-1,11
Satan,Life Sentence,2013-5-14,Summoning,Old Mornings Dawn,2013-5-25,11
Gazpacho,Demon,2014-4-5,Vanhelga,Längtan,2014-4-16,11
Amorphis,Under the Red Cloud,2015-8-31,Nechochwen,Heart of Akamon,2015-9-11,11
Wailin Storms,One Foot in the Flesh Grave,2015-11-21,Un,The Tomb of All Things,2015-12-2,11
First Fragment,Dasein,2016-5-25,Virus,Memento Collider,2016-6-5,11
Kairon; IRSE!,Ruination,2017-1-26,Benighted,Necrobreed,2017-2-6,11
Witherfall,Nocturnes and Requiems,2017-2-6,Sinister,Syncretism,2017-2-17,11
Alestorm,No Grave but the Sea,2017-5-24,Elder,Reflections of a Floating World,2017-6-4,11
Subterranean Masquerade,Vagabond,2017-9-3,BIG|BRAVE,Ardor,2017-9-14,11
YOB,Our Raw Heart,2018-6-3,Human Cull,Revenant,2018-6-14,11
Mānbryne,Heilsweg: O udrece ciala i tulaczce duszy,2021-4-8,Paysage d’Hiver,Geister,2021-4-19,11
Son of Sam,And the Monster Awoke…,2021-6-11,Bossk,Migration,2021-6-22,11
Trenches,Reckoner,2022-1-16,Spider God,Black Renditions,2022-1-27,11
Pure Wrath,Hymn to the Woeful Hearts,2022-2-17,Sylvaine,Nova,2022-2-28,11
Orphaned Land,The Never Ending Way of ORwarriOR,2010-1-7,Dream Evil,In the Night,2010-1-19,12
Exhumed,"All Guts, No Glory",2011-11-23,Vallenfyre,A Fragile King,2011-12-5,12
Cerekloth,In the Midst of Life We are in Death,2013-7-11,Powerwolf,Preachers of the Night,2013-7-23,12
Soreption,Engineering the Void,2014-1-24,Behemoth,The Satanist,2014-2-5,12
Wretched,Cannibal,2014-6-11,Deathwhite,Ethereal EP,2014-6-23,12
Extremity,Coffin Birth,2018-7-19,﻿Southern Empire,Civilisation,2018-7-31,12
Temple Nightside,Pillars of Damnation,2020-8-4,Atramentus,Stygian,2020-8-16,12
Anathema,We’re Here Because We’re Here,2010-5-20,Watain,Lawless Darkness,2010-6-2,13
Insomnium,One for Sorrow,2011-10-17,Absu,Abzu,2011-10-30,13
Svart Crown,Profane,2013-5-26,The Black Dahlia Murder,Everblack,2013-6-8,13
Brutality,Sea of Ignorance,2016-2-2,Anthrax,For All Kings,2016-2-15,13
Witchery,In His Infernal Majesty’s Service,2016-11-20,Violet Cold,Magic Night,2016-12-3,13
Dying Fetus,Wrong One to Fuck With,2017-6-21,Excalion,Dream Alive,2017-7-4,13
Vanishing Kids,Heavy Dreamer,2018-11-27,Frozen Land,Frozen Land,2018-12-10,13
Ad Nauseam,Imperative Imperceptible Impulse,2021-2-8,Suffering Hour,The Cyclic Reckoning,2021-2-21,13
Seven Spires,Gods of Debauchery,2021-9-20,Duel,In Carne Persona,2021-10-3,13
Vision of Disorder,The Cursed Remain Cursed,2012-9-17,Revocation,Teratogenesis,2012-10-1,14
Revocation,Teratogenesis,2012-10-1,Anaal Nathrakh,Vanitas,2012-10-15,14
Morbus Chron,Sweven,2014-3-6,Brainstorm,Firesoul,2014-3-20,14
Putrid Offal,Mature Necropsy,2015-2-5,Vassafor/Temple Nightside,Call of the Maelstrom,2015-2-19,14
Kingcrow,Eidos,2015-7-2,Alustrium,A Tunnel to Eden,2015-7-16,14
Cemetery Urn,Barbaric Retribution,2018-8-14,Kraków,minus,2018-8-28,14
Fractal Generator,Macrocosmos,2021-1-10,Demoniac,So It Goes,2021-1-24,14
Torture Division,Evighetens Dårar,2010-11-23,Fejd,Eifur,2010-12-8,15
Black Boned Angel,The End,2013-4-1,Just Before Dawn,Precis Innan Gryningen,2013-4-16,15
Locrian,Return to Annihilation,2013-6-20,Oliva,Raise the Curtain,2013-7-5,15
Vintersorg,Naturbål,2014-7-3,Overkill,White Devil Armory,2014-7-18,15
Brothers of Metal,Emblas Saga,2020-1-5,Surgical Strike,Part of a Sick World,2020-1-20,15
Cryptosis,Bionic Swarm,2021-3-22,Zao,The Crimson Corridor,2021-4-6,15
Battle Beast,Steel,2011-7-4,Toxic Holocaust,Conjure and Command,2011-7-20,16
Vader,Welcome to the Morbid Reich,2011-7-31,Sinister Realm,The Crystal Eye,2011-8-16,16
Sigh,In Somniphobia,2012-3-5,Gorod,A Perfect Absolution,2012-3-21,16
The Body,"Master, We Perish EP",2013-4-28,Satan,Life Sentence,2013-5-14,16
Unleash the Archers,Apex,2017-6-5,Father Befouled,Desolate Gods,2017-6-21,16
Adrift,Pure,2019-5-27,Skelator,Cyber Metal,2019-6-12,16
Paysage d’Hiver,Geister,2021-4-19,Vokonis,Odyssey,2021-5-5,16
Dawnbringer,Nucleus,2010-12-16,Ghost,Opus Eponymous,2011-1-2,17
Beaten to Death,Unplugged,2015-10-29,Kampfar,Profan,2015-11-15,17
Winterfylleth,The Reckoning Dawn,2020-5-10,Alestorm,Curse of the Crystal Coconut,2020-5-27,17
Diskord,Degenerations,2021-8-8,Osi and the Jupiter,Stave,2021-8-25,17
Monster Magnet,Mastermind,2010-10-14,October Tide,A Thin Shell,2010-11-1,18
Zebulon Pike,Space is the Corpse of Time,2012-1-16,Dodecahedron,Dodecahedron,2012-2-3,18
Lustre,They Awoke to the Scent of Spring,2012-8-30,Vision of Disorder,The Cursed Remain Cursed,2012-9-17,18
Unleashed,Dawn Of The Nine,2015-4-20,Ninkharsag,The Blood of Celestial Kings,2015-5-8,18
Harakiri For The Sky,III: Trauma,2016-7-18,Spirit Adrift,Chained to Oblivion,2016-8-6,19
Desolate Shrine,Deliverance from the Godless Void,2017-11-13,Ayat,Carry On Carrion,2017-12-2,19
The Offering,Home,2019-7-31,Isole,Dystopia,2019-8-19,19
Sinister Realm,The Crystal Eye,2011-8-16,Arch/Matheos,Sympathetic Resonance,2011-9-5,20
Boss Keloid,Melted on the Inch,2018-4-26,Amorphis,Queen of Time,2018-5-16,20
Protest the Hero,Palimpsest,2020-6-24,Convocation,Ashes Coalesce,2020-7-14,20
Nightfall,Astron Black and the Thirty Tyrants,2010-9-22,Star One,Victims of the Modern Age,2010-10-13,21
Voyager,The Meaning of I,2011-9-26,Insomnium,One for Sorrow,2011-10-17,21
Mega Colossus,Riptime,2021-12-16,Wilderun,Epigone,2022-1-6,21
Heathens,"Oh, Mock the Heavens and Let the Heathens Sing",2010-8-16,Accept,Blood of Nations,2010-9-7,22
Black Sun Aeon,Darkness Walks Beside Me,2009-6-30,Shining,VI/Klagopsalmer,2009-7-24,24
The Man,Eating Tree – Harvest,2011-12-18,Primal Fear,Unbreakable,2012-1-12,25
Finntroll,Nifelvind,2010-1-28,Oskoreien,Illusions,2010-2-23,26
Demiurg,Slakthus Gamleby,2010-7-20,Heathens,"Oh, Mock the Heavens and Let the Heathens Sing",2010-8-16,27
The Clearing Path,Watershed Between Firmament and the Realm of Hyperborea,2017-12-14,Hamferð,Támsins likam,2018-1-10,27
Beaten to Death,Agronomicon,2018-12-17,Aver,Orbis Majora,2019-1-16,30
Fejd,Storm,2009-5-29,Riverside,Anno Domini High Definition,2009-6-29,31
Be’lakor,Stone’s Reach,2009-12-7,Orphaned Land,The Never Ending Way of ORwarriOR,2010-1-7,31
Stormcast,Frame of Mind,2014-12-8,Sylosis,Dormant Heart,2015-1-8,31
Månegarm,Nattväsen,2009-11-4,Be’lakor,Stone’s Reach,2009-12-7,33
Nar Mattaru,Ancient Atomic Warfare,2015-12-10,Gygax,Critical Hits,2016-1-12,33
Musk Ox,Inheritance,2021-7-6,Diskord,Degenerations,2021-8-8,33
Scar Symmetry,Dark Matter Dimensions,2009-9-28,Arkona,"Goi, Rode Goi!",2009-11-1,34
Zao,The Well-Intentioned Virus,2016-12-8,Need,Hegaiamas​: ​A Song for Freedom,2017-1-11,34
Teeth,The Curse of Entropy,2019-11-25,Brothers of Metal,Emblas Saga,2020-1-5,41
Sonata Arctica,The Days of Grays,2009-8-4,Cormorant,Metazoa,2009-9-18,45
Ofermod,Thaumiel,2012-11-21,Mors Principium Est,… And Death Said Live,2013-1-7,47
Shores of Null,Beyond the Shores (On Death and Dying),2020-11-23,Fractal Generator,Macrocosmos,2021-1-10,48
Blood Mortized,"The Demon, the Angel, the Disease",2013-11-22,Indian,From All Purity,2014-1-15,54
