Band,Album,Date Published,Nerd Date
Amorphis,Skyforger,2009-5-27,3452457600
Fejd,Storm,2009-5-29,3452630400
Riverside,Anno Domini High Definition,2009-6-29,3455308800
Black Sun Aeon,Darkness Walks Beside Me,2009-6-30,3455395200
Shining,VI/Klagopsalmer,2009-7-24,3457468800
Sonata Arctica,The Days of Grays,2009-8-4,3458419200
Cormorant,Metazoa,2009-9-18,3462307200
Scar Symmetry,Dark Matter Dimensions,2009-9-28,3463171200
Arkona,"Goi, Rode Goi!",2009-11-1,3466108800
Blaze Bayley,The Night That Will Not Die,2009-11-2,3466195200
The 11th Hour,Burden of Grief,2009-11-2,3466195200
Månegarm,Nattväsen,2009-11-4,3466368000
Be’lakor,Stone’s Reach,2009-12-7,3469219200
Orphaned Land,The Never Ending Way of ORwarriOR,2010-1-7,3471897600
Dream Evil,In the Night,2010-1-19,3472934400
Overkill,Ironbound,2010-1-23,3473280000
Blaze Bayley,Promise and Terror,2010-1-26,3473539200
Sigh,Scenes From Hell,2010-1-26,3473539200
Finntroll,Nifelvind,2010-1-28,3473712000
Oskoreien,Illusions,2010-2-23,3475958400
Immolation,Majesty and Decay,2010-3-5,3476822400
Kaipa,In the Wake of Evolution,2010-3-9,3477168000
Eternal Silence,The Arsonist,2010-3-15,3477686400
Svartsot,Mulmets Viser,2010-3-17,3477859200
Heidevolk,Uit Oude Grond,2010-3-21,3478204800
The Dillinger Escape Plan,Option Paralysis,2010-3-24,3478464000
Barren Earth,Curse of the Red River,2010-3-30,3478982400
Bison B.C.,Dark Ages,2010-4-8,3479760000
The Ocean,Heliocentric,2010-4-9,3479846400
Rhapsody of Fire,The Frozen Tears of Angels,2010-4-15,3480364800
Triptykon,Eparistera Daimones,2010-4-20,3480796800
1349,Demonoir,2010-4-22,3480969600
Skyforger,Kurbads,2010-4-23,3481056000
Avantasia,The Wicked Symphony,2010-4-25,3481228800
Steelwing,Lord of the Wasteland,2010-4-26,3481315200
Cynic,Re-Traced,2010-5-3,3481920000
Wuthering Heights,Salt,2010-5-9,3482438400
Pain of Salvation,Road Salt pt. 1 – Ivory –,2010-5-11,3482611200
Ragnarok,Collectors of the King,2010-5-17,3483129600
Nevermore,The Obsidian Conspiracy,2010-5-18,3483216000
Stormzone,Death Dealer,2010-5-19,3483302400
Anathema,We’re Here Because We’re Here,2010-5-20,3483388800
Watain,Lawless Darkness,2010-6-2,3484512000
Istapp,Blekinge,2010-6-3,3484598400
Grave,Burial Ground,2010-6-7,3484944000
Witchery,Witchkrieg,2010-6-16,3485721600
Grand Magus,Hammer of the North,2010-6-21,3486153600
Iron Thrones,The Wretched Sun,2010-6-27,3486672000
Amorphis,Forging the Land of Thousand Lakes,2010-7-4,3487276800
Allegaeon,Fragments of Form and Function,2010-7-15,3488227200
Demiurg,Slakthus Gamleby,2010-7-20,3488659200
Heathens,"Oh, Mock the Heavens and Let the Heathens Sing",2010-8-16,3490992000
Accept,Blood of Nations,2010-9-7,3492892800
Winterhorde,Underwatermoon,2010-9-14,3493497600
Spiritual Beggars,Return to Zero,2010-9-15,3493584000
Enslaved,Axioma Ethica Odini,2010-9-16,3493670400
Nightfall,Astron Black and the Thirty Tyrants,2010-9-22,3494188800
Star One,Victims of the Modern Age,2010-10-13,3496003200
Monster Magnet,Mastermind,2010-10-14,3496089600
October Tide,A Thin Shell,2010-11-1,3497644800
Allen/Lande,The Showdown,2010-11-2,3497731200
Melechesh,The Epigenesis,2010-11-9,3498336000
Atlantean Kodex,The Golden Bough,2010-11-16,3498940800
Torture Division,Evighetens Dårar,2010-11-23,3499545600
Fejd,Eifur,2010-12-8,3500841600
Dawnbringer,Nucleus,2010-12-16,3501532800
Ghost,Opus Eponymous,2011-1-2,3503001600
Belphegor,Blood Magick Necromance,2011-1-12,3503865600
Defiled,In Crisis,2011-1-17,3504297600
Helrunar,Sol,2011-1-22,3504729600
Thomas Giles,Pulse,2011-1-25,3504988800
Macabre,Grim Scary Tales,2011-2-2,3505680000
Omnium Gatherum,New World Shadows,2011-2-3,3505766400
Korpiklaani,Ukon Wacka,2011-2-6,3506025600
Svart Crown,Witnessing the Fall,2011-2-8,3506198400
Shroud of Despondency,Dark Meditations in Monastic Seclusion,2011-2-9,3506284800
Moonsorrow,Varjoina Kuljemme Kuolleiden Maassa,2011-2-10,3506371200
Destruction,Day of Reckoning,2011-2-16,3506889600
Turisas,Stand Up and Fight,2011-2-17,3506976000
Before the Dawn,Deathstar Rising,2011-2-20,3507235200
Jag Panzer,The Scourge of the Light,2011-2-27,3507840000
Crimfall,The Writ of Sword,2011-3-8,3508617600
Sylosis,Edge of the Earth,2011-3-9,3508704000
Assaulter,Boundless,2011-3-10,3508790400
Amon Amarth,Surtur Rising,2011-3-17,3509395200
Within Temptation,The Unforgiving,2011-3-19,3509568000
Havok,Time is Up,2011-3-20,3509654400
Vicious Rumors,Razorback Killers,2011-3-22,3509827200
Torture Division,Through the Eyes of a Dead,2011-3-28,3510345600
Blood Mortized,Bestial,2011-4-3,3510864000
Septic Flesh,The Great Mass,2011-4-12,3511641600
While Heaven Wept,Fear of Infinity,2011-4-22,3512505600
Bjørnar Selsbak,Rygteflom/Tunge Taarer,2011-4-28,3513024000
Argus,Boldly Stride the Doomed,2011-5-2,3513369600
Bodyfarm,Bodyfarm EP,2011-5-3,3513456000
Hate Eternal,Phoenix Amongst the Ashes,2011-5-9,3513974400
The Book of Mormon,Cast Recording,2011-5-11,3514147200
Autopsy,Macabre Eternal,2011-5-17,3514665600
Anaal Nathrakh,Passion,2011-5-22,3515097600
Tyr,The Lay of Thrym,2011-5-25,3515356800
Falconer,Armod,2011-5-31,3515875200
In Solitude,The World. The Flesh. The Devil.,2011-6-1,3515961600
Loss,Despond,2011-6-2,3516048000
Ulcerate,The Destroyers of All,2011-6-6,3516393600
Rhapsody of Fire,From Chaos to Eternity,2011-6-9,3516652800
The Black Dahlia Murder,Ritual,2011-6-13,3516998400
Rival Sons,Pressure and Time,2011-6-20,3517603200
Draconian,A Rose for the Apocalypse,2011-6-22,3517776000
Necrovorous,Funeral for the Sane,2011-6-27,3518208000
Battle Beast,Steel,2011-7-4,3518812800
Toxic Holocaust,Conjure and Command,2011-7-20,3520195200
Aurvandil,Yearning,2011-7-21,3520281600
Vader,Welcome to the Morbid Reich,2011-7-31,3521145600
Sinister Realm,The Crystal Eye,2011-8-16,3522528000
Arch/Matheos,Sympathetic Resonance,2011-9-5,3524256000
Morbus Chron,Sleepers in the Rift,2011-9-11,3524774400
Pain of Salvation,Road Salt Two [Ebony],2011-9-18,3525379200
Textures,Dualism,2011-9-20,3525552000
Anubis Gate,Anubis Gate,2011-9-20,3525552000
Voyager,The Meaning of I,2011-9-26,3526070400
Insomnium,One for Sorrow,2011-10-17,3527884800
Absu,Abzu,2011-10-30,3529008000
Entrails,The Tomb Awaits,2011-10-31,3529094400
40 Watt Sun,The Inside Room,2011-11-1,3529180800
Hammers of Misfortune,17th Street,2011-11-2,3529267200
Orphaned Land,The Road to OR-Shalem,2011-11-10,3529958400
Riot,Immortal Soul,2011-11-13,3530217600
Stormzone,Zero to Rage,2011-11-15,3530390400
Iron Savior,The Landing,2011-11-20,3530822400
Exhumed,"All Guts, No Glory",2011-11-23,3531081600
Vallenfyre,A Fragile King,2011-12-5,3532118400
Cormorant,Dwellings,2011-12-6,3532204800
Theocracy,As The World Bleeds,2011-12-7,3532291200
Nightwish,Imaginaerum,2011-12-11,3532636800
The Man,Eating Tree – Harvest,2011-12-18,3533241600
Primal Fear,Unbreakable,2012-1-12,3535401600
The 11th Hour,Lacrima Mortis,2012-1-15,3535660800
Zebulon Pike,Space is the Corpse of Time,2012-1-16,3535747200
Dodecahedron,Dodecahedron,2012-2-3,3537302400
Woods of Ypres,Woods 5: Grey Skies & Electric Light,2012-2-9,3537820800
Pallbearer,Sorrow and Extinction,2012-2-14,3538252800
Pharaoh,Bury the Light,2012-2-16,3538425600
Lanfear,This Harmonic Consonance,2012-2-26,3539289600
Asphyx,Deathhammer,2012-2-28,3539462400
Desaster,The Arts of Destruction,2012-3-4,3539894400
Sigh,In Somniphobia,2012-3-5,3539980800
Gorod,A Perfect Absolution,2012-3-21,3541363200
Borknagar,Urd,2012-3-25,3541708800
Anathema,Weather Systems,2012-3-29,3542054400
Inverloch,Dusk | Subside,2012-4-4,3542572800
Black Breath,Sentenced to Life,2012-4-9,3543004800
Huntress,Spell Eater,2012-4-15,3543523200
Wodensthrone,Curse,2012-4-22,3544128000
Kontrust,Second Hand Wonderland,2012-4-30,3544819200
Master’s Hammer,Vracejte Konve Na Misto,2012-5-2,3544992000
Blood Mortized,The Key to a Black Heart,2012-5-6,3545337600
Steel Assassin,WWII: Metal of Honor,2012-5-13,3545942400
Ennead,Frozen Eyes,2012-5-15,3546115200
Grand Magus,The Hunt,2012-5-17,3546288000
Sabaton,Carolus Rex,2012-5-20,3546547200
Ne Obliviscaris,Portal Of I,2012-5-24,3546892800
Kreator,Phantom Antichrist,2012-5-30,3547411200
Dawnbringer,Into the Lair of the Sun God,2012-6-6,3548016000
Carach Angren,Where the Corpses Sink Forever,2012-6-15,3548793600
Be’lakor,Of Breath and Bone,2012-6-17,3548966400
Luca Turilli’s Rhapsody,Ascending to Infinity,2012-6-18,3549052800
Vintersorg,Orkan,2012-6-21,3549312000
Gojira,L’Enfant Sauvage,2012-6-28,3549916800
Vindicator,United We Fall,2012-7-8,3550780800
Zombiefication,Reaper’s Consecration,2012-7-9,3550867200
Father Befouled,Revulsion of Seraphic Grace,2012-7-20,3551817600
Castle,Blacklands,2012-7-21,3551904000
Zonaria,Arrival of the Red Sun,2012-7-24,3552163200
Dust Bolt,Violent Demolition,2012-7-27,3552422400
Korpiklaani,Manala,2012-7-29,3552595200
Testament,Dark Roots of Earth,2012-8-1,3552854400
Necrovation,Necrovation,2012-8-6,3553286400
Sophicide,Perdition of the Sublime,2012-8-7,3553372800
Bedemon,Symphony of Shadows,2012-8-15,3554064000
Krampus,Survival of the Fittest,2012-8-18,3554323200
Trollfest,Brumlebassen,2012-8-19,3554409600
An Autumn for Crippled Children,Only the Ocean Knows,2012-8-26,3555014400
Reverence,The Asthenic Ascension,2012-8-28,3555187200
Threshold,March of Progress,2012-8-29,3555273600
Lustre,They Awoke to the Scent of Spring,2012-8-30,3555360000
Vision of Disorder,The Cursed Remain Cursed,2012-9-17,3556915200
Revocation,Teratogenesis,2012-10-1,3558124800
Anaal Nathrakh,Vanitas,2012-10-15,3559334400
Weapon,Embers and Revelations,2012-10-16,3559420800
Beneath,Enslaved by Fear,2012-10-17,3559507200
Dethklok,Dethalbum III,2012-10-26,3560284800
Kamelot,Silverthorn,2012-10-27,3560371200
Ragnarok,Malediction,2012-10-30,3560630400
The Secret,Agnus Dei,2012-10-31,3560716800
Paragon,Force of Destruction,2012-11-3,3560976000
Neurosis,Honor Found In Decay,2012-11-7,3561321600
Seven Kingdoms,The Fire is Mine,2012-11-8,3561408000
Monolithe,Monolithe III,2012-11-10,3561580800
Aoria,The Constant,2012-11-20,3562444800
Ofermod,Thaumiel,2012-11-21,3562531200
Mors Principium Est,… And Death Said Live,2013-1-7,3566592000
Nightfall,Cassiopeia,2013-1-10,3566851200
Void of Sleep,Tales Between Reality and Madness,2013-1-13,3567110400
Audrey Horne,Youngblood,2013-1-14,3567196800
Voivod,Target Earth,2013-1-15,3567283200
Cult of Luna,Vertikal,2013-1-18,3567542400
Convulse,Inner Evil EP,2013-1-26,3568233600
Alpha Tiger,Beneath the Surface,2013-2-3,3568924800
Spektr,Cypher,2013-2-9,3569443200
Crest of Darkness,In the Presence of Death,2013-2-11,3569616000
Devourment,Conceived in Sewage,2013-2-13,3569788800
New Keepers of the Water Towers,Cosmic Child,2013-2-14,3569875200
Omnium Gatherum,Beyond,2013-2-15,3569961600
Steven Wilson,The Raven that Refused to Sing (and Other Stories),2013-2-17,3570134400
Cnoc An Tursa,The Giants of Auld,2013-2-19,3570307200
Hatriot,Heroes of Origin,2013-2-24,3570739200
The Fall of Every Season,Amends,2013-3-1,3571171200
October Falls,The Plague of a Coming Age,2013-3-12,3572121600
Nails,Abandon All Life,2013-3-16,3572467200
Serenity,War of Ages,2013-3-17,3572553600
Wormed,Exodromos,2013-3-20,3572812800
Victor Griffin’s In,Graved,2013-3-21,3572899200
Black Boned Angel,The End,2013-4-1,3573849600
Just Before Dawn,Precis Innan Gryningen,2013-4-16,3575145600
The Ocean,Pelagial,2013-4-17,3575232000
Colossus,Wake,2013-4-20,3575491200
Altar of Plagues,Teethed Glory and Injury,2013-4-24,3575836800
Spiritual Beggars,Earth Blues,2013-4-25,3575923200
The Body,"Master, We Perish EP",2013-4-28,3576182400
Satan,Life Sentence,2013-5-14,3577564800
Summoning,Old Mornings Dawn,2013-5-25,3578515200
Svart Crown,Profane,2013-5-26,3578601600
The Black Dahlia Murder,Everblack,2013-6-8,3579724800
White Wizzard,The Devil’s Cut,2013-6-9,3579811200
Author & Punisher,Women & Children,2013-6-14,3580243200
Amon Amarth,Deceiver of the Gods,2013-6-17,3580502400
Locrian,Return to Annihilation,2013-6-20,3580761600
Oliva,Raise the Curtain,2013-7-5,3582057600
Unkind,Pelon Juuret,2013-7-6,3582144000
Cerekloth,In the Midst of Life We are in Death,2013-7-11,3582576000
Powerwolf,Preachers of the Night,2013-7-23,3583612800
Torture Division,The Worship,2013-7-25,3583785600
Exhumed,Necrocracy,2013-7-29,3584131200
Parasite Inc,Time Tears Down,2013-8-2,3584476800
Witherscape,The Inheritance,2013-8-12,3585340800
Shakhtyor,Shakhtyor,2013-8-15,3585600000
Turisas,Turisas2013,2013-8-22,3586204800
Primitive Man,Scorn,2013-8-23,3586291200
Ataraxie,L’Être et la Nausée,2013-8-27,3586636800
Carcass,Surgical Steel,2013-9-2,3587155200
Ulcerate,Vermis,2013-9-3,3587241600
Grumbling Fur,Glynnaestra,2013-9-8,3587673600
Atlantean Kodex,The White Goddess,2013-9-11,3587932800
Haken,The Mountain,2013-9-12,3588019200
Vattnet Viskar,Sky Swallower,2013-9-17,3588451200
Obelyskkh,Hymn To Pan,2013-9-26,3589228800
The Body,"Christs, Redeemers",2013-10-3,3589833600
Sarkom,Doomsday Elite,2013-10-9,3590352000
Lodz,Something In Us Died,2013-10-14,3590784000
Revocation,Revocation,2013-10-17,3591043200
Gorguts,Colored Sands,2013-10-17,3591043200
Hail of Bullets,III The Rommel Chronicles,2013-10-18,3591129600
Inquisition,Obscure Verses for the Multiverse,2013-10-20,3591302400
Skeletonwitch,Serpents Unleashed,2013-10-26,3591820800
Falkenbach,Asa,2013-11-3,3592512000
Exivious,Liminal,2013-11-10,3593116800
Eudaimony,Futile,2013-11-14,3593462400
Eye of Solitude,Canto III,2013-11-16,3593635200
Ayreon,The Theory of Everything,2013-11-21,3594067200
Blood Mortized,"The Demon, the Angel, the Disease",2013-11-22,3594153600
Indian,From All Purity,2014-1-15,3598819200
Soreption,Engineering the Void,2014-1-24,3599596800
Behemoth,The Satanist,2014-2-5,3600633600
Hail Spirit Noir,Oi Magoi,2014-2-12,3601238400
Will of the Ancients,To Our Glorious Dead,2014-2-20,3601929600
Nebelung,Palingenesis,2014-3-1,3602707200
Morbus Chron,Sweven,2014-3-6,3603139200
Brainstorm,Firesoul,2014-3-20,3604348800
Pyrrhon,The Mother of Virtues,2014-3-26,3604867200
Nightsatan,Nightsatan and the Loops of Doom,2014-3-27,3604953600
Gazpacho,Demon,2014-4-5,3605731200
Vanhelga,Längtan,2014-4-16,3606681600
Triptykon,Melana Chasmata,2014-4-17,3606768000
Elvenking,The Pagan Manifesto,2014-4-22,3607200000
Of Spire & Throne,Toll of the Wound,2014-4-29,3607804800
Castle,Under Siege,2014-5-6,3608409600
Doom:VS,Earthless,2014-5-8,3608582400
Décembre Noir,A Discouraged Believer,2014-5-15,3609187200
Teitanblood,Death,2014-5-16,3609273600
Vehemenz,Vehemenz,2014-5-17,3609360000
Vainaja,Kadotetut,2014-5-19,3609532800
Darkest Era,Severance,2014-5-26,3610137600
The Atlas Moth,The Old Believer,2014-6-5,3611001600
Wretched,Cannibal,2014-6-11,3611520000
Deathwhite,Ethereal EP,2014-6-23,3612556800
Origin,Omnipresent,2014-7-1,3613248000
Vintersorg,Naturbål,2014-7-3,3613420800
Overkill,White Devil Armory,2014-7-18,3614716800
Vardan,Enjoy of Deep Sadness,2014-7-21,3614976000
Panopticon,Roads to the North,2014-7-28,3615580800
Belphegor,Conjuring the Dead,2014-7-29,3615667200
Midnight,No Mercy for Mayhem,2014-8-6,3616358400
Force of Darkness,Absolute Verb of Chaos and Darkness,2014-8-16,3617222400
Sólstafir,Ótta,2014-8-25,3618000000
The Haunted,Exit Wounds,2014-8-27,3618172800
YOB,Clearing the Path to Ascend,2014-8-29,3618345600
Opeth,Pale Communion,2014-8-30,3618432000
Earth,Primitive and Deadly,2014-9-3,3618777600
Xerath,III,2014-9-11,3619468800
Audrey Horne,Pure Heavy,2014-9-14,3619728000
Ophis,Abhorrence in Opulence,2014-9-15,3619814400
Threshold,For the Journey,2014-9-16,3619900800
As Light Dies,The Love Album – Volume I,2014-9-25,3620678400
Alunah,Awakening The Forest,2014-9-25,3620678400
Phobocosm,Deprived,2014-9-28,3620937600
Solitary Sabred,Redemption Through Force,2014-9-29,3621024000
Decapitated,Blood Mantra,2014-9-30,3621110400
Blut Aus Nord,Memoria Vetusta III: Saturnian Poetry,2014-10-1,3621196800
Madmans Esprit,Nacht,2014-10-5,3621542400
Godflesh,A World Lit Only By Fire,2014-10-5,3621542400
Revocation,Deathless,2014-10-8,3621801600
Anaal Nathrakh,Desideratum,2014-10-11,3622060800
Horrendous,Ecdysis,2014-10-11,3622060800
My Brother The Wind,Once There Was A Time When Time And Space Were One,2014-10-12,3622147200
Abazagorath,The Satanic Verses,2014-10-18,3622665600
The Skull,For Those Which Are Asleep,2014-10-21,3622924800
Pestilential Shadows,Ephemeral,2014-10-23,3623097600
Riot V,Unleash the Fire,2014-10-25,3623270400
Soen,Tellurian,2014-10-26,3623356800
Oraculum,Sorcery of the Damned,2014-10-27,3623443200
Obake,Mutations,2014-10-28,3623529600
Giant Squid,Minoans,2014-10-30,3623702400
Ne Obliviscaris,Citadel,2014-11-2,3623961600
Manimalism,Manimalism,2014-11-5,3624220800
Voices,London,2014-11-13,3624912000
Unearth,Watchers of Rule,2014-11-14,3624998400
Downfall of Gaia,Aeon Unveils The Throne of Decay,2014-11-18,3625344000
Skelethal,Interstellar Knowledge of the Purple Entity,2014-11-19,3625430400
Primordial,Where Greater Men Have Fallen,2014-11-28,3626208000
Baring Teeth,Ghost Chorus Among Old Ruins,2014-11-30,3626380800
Mors Principium Est,Dawn of the 5th Era,2014-12-4,3626726400
Stormcast,Frame of Mind,2014-12-8,3627072000
Sylosis,Dormant Heart,2015-1-8,3629750400
Beardfish,+4626-Comfortzone,2015-1-9,3629836800
Desolate Shrine,The Heart of the Netherworld,2015-1-11,3630009600
Angra,Secret Garden,2015-1-14,3630268800
Freddy and the Phantoms,Times of Division,2015-1-23,3631046400
Visigoth,The Revenant King,2015-1-27,3631392000
A Swarm of the Sun,The Rifts,2015-1-31,3631737600
Putrid Offal,Mature Necropsy,2015-2-5,3632169600
Vassafor/Temple Nightside,Call of the Maelstrom,2015-2-19,3633379200
Crypt Sermon,Out of the Garden,2015-2-22,3633638400
Imperial Triumphant,Abyssal Gods,2015-2-25,3633897600
Kjeld,Skym,2015-3-3,3634416000
Galar,De gjenlevende,2015-3-10,3635020800
Frosthelm,The Endless Winter,2015-3-13,3635280000
Perdition Temple,The Tempter’s Victorious,2015-3-16,3635539200
Alkaloid,The Malkuth Grimoire,2015-3-17,3635625600
Oceanwake,Sunless,2015-3-18,3635712000
Ketha,#​!​%​16​.​7,2015-3-18,3635712000
Unrest,Grindcore,2015-3-21,3635971200
Wino and Conny Ochs,Freedom Conspiracy,2015-3-22,3636057600
The Order of Apollyon,The Sword and the Dagger,2015-3-27,3636489600
Steven Wilson,Hand. Cannot. Erase.,2015-3-29,3636662400
Ufomammut,Ecate,2015-3-30,3636748800
Heidevolk,Velua,2015-4-2,3637008000
Royal Thunder,Crooked Doors,2015-4-8,3637526400
Sulphur Aeon,Gateway to the Antisphere,2015-4-8,3637526400
Infernal War,Axiom,2015-4-9,3637612800
Akhlys,The Dreaming I,2015-4-11,3637785600
Outre,Ghost Chants,2015-4-12,3637872000
Unleashed,Dawn Of The Nine,2015-4-20,3638563200
Ninkharsag,The Blood of Celestial Kings,2015-5-8,3640118400
Ironsword,None But the Brave,2015-5-14,3640636800
Secrets of the Sky,Pathway,2015-5-16,3640809600
Pyramaze,Disciples of the Sun,2015-5-22,3641328000
Amestigon,Thier,2015-5-27,3641760000
Wilderun,Sleep at the Edge of the Earth,2015-6-2,3642278400
Pyrrhon,Growth Without End,2015-6-4,3642451200
Night Flight Orchestra,Skyline Whispers,2015-6-10,3642969600
Thornesbreed,GTRD,2015-6-19,3643747200
Goatsnake,Black Age Blues,2015-6-20,3643833600
Lorna Shore,Psalms,2015-6-23,3644092800
The Armed,Untitled,2015-6-26,3644352000
Failure,The Heart Is A Monster,2015-6-28,3644524800
Author & Punisher,Melk En Honing,2015-7-1,3644784000
Kingcrow,Eidos,2015-7-2,3644870400
Alustrium,A Tunnel to Eden,2015-7-16,3646080000
Destruktor,Opprobrium,2015-7-19,3646339200
Kronos,Arisen New Era,2015-7-21,3646512000
Locrian,Infinite Dissolution,2015-7-23,3646684800
Symphony X,Underworld,2015-7-26,3646944000
Cattle Decapitation,The Anthropocene Extinction,2015-7-26,3646944000
Kataklysm,Of Ghosts and Gods,2015-7-30,3647289600
Hope Drone,Cloak of Ash,2015-8-2,3647548800
Trials,This Ruined World,2015-8-4,3647721600
Deathwhite,Solitary Martyr EP,2015-8-10,3648240000
Krallice,Ygg huur,2015-8-11,3648326400
Scythian,Hubris In Excelsis,2015-8-15,3648672000
Ghost,Meliora,2015-8-16,3648758400
Myrkur,M,2015-8-17,3648844800
Pentagram,Curious Volume,2015-8-20,3649104000
Chelsea Wolfe,Abyss,2015-8-21,3649190400
Royal Hunt,XIII Devil’s Dozen,2015-8-28,3649795200
Amorphis,Under the Red Cloud,2015-8-31,3650054400
Nechochwen,Heart of Akamon,2015-9-11,3651004800
My Dying Bride,Feel the Misery,2015-9-14,3651264000
Queensrÿche,Condition Hüman,2015-9-17,3651523200
Sabbath Assembly,Sabbath Assembly,2015-9-20,3651782400
Ares Kingdom,The Unburiable Dead,2015-9-25,3652214400
Gloryhammer,Space 1992: Rise of the Chaos Wizards,2015-9-27,3652387200
Gorod,A Maze of Recycled Creeds,2015-10-5,3653078400
He Whose Ox Is Gored,"The Camel, The Lion, The Child",2015-10-5,3653078400
Satan,Atom By Atom,2015-10-8,3653337600
The Black Dahlia Murder,Abysmal,2015-10-12,3653683200
Pseudo/Sentai,Bansheeface,2015-10-12,3653683200
Deafheaven,New Bermuda,2015-10-13,3653769600
Enshine,Singularity,2015-10-14,3653856000
Lik,Mass Funeral Evocation,2015-10-15,3653942400
Dead to a Dying World,Litany,2015-10-18,3654201600
Vhöl,Deeper Than Sky,2015-10-20,3654374400
Horrendous,Anareta,2015-10-21,3654460800
Panopticon,Autumn Eternal,2015-10-22,3654547200
Vehemence,Forward Without Motion,2015-10-24,3654720000
Killing Joke,Pylon,2015-10-25,3654806400
Draconian,Sovran,2015-10-26,3654892800
Avatarium,The Girl With the Raven Mask,2015-10-29,3655152000
Beaten to Death,Unplugged,2015-10-29,3655152000
Kampfar,Profan,2015-11-15,3656620800
Nightfell,Darkness Evermore,2015-11-16,3656707200
Wailin Storms,One Foot in the Flesh Grave,2015-11-21,3657139200
Un,The Tomb of All Things,2015-12-2,3658089600
Dodsferd,Wastes of Life,2015-12-6,3658435200
Jess and the Ancient Ones,Second Psychedelic Coming: The Aquarius Tapes,2015-12-9,3658694400
Nar Mattaru,Ancient Atomic Warfare,2015-12-10,3658780800
Gygax,Critical Hits,2016-1-12,3661632000
Gomorrah,The Haruspex,2016-1-18,3662150400
Abbath,Abbath,2016-1-20,3662323200
Chthe’ilist,Le Dernier Crépuscule,2016-1-25,3662755200
Mortuary,Nothingless than Nothingness,2016-1-27,3662928000
Megadeth,Dystopia,2016-1-31,3663273600
Fleshgod Apocalypse,King,2016-2-1,3663360000
Brutality,Sea of Ignorance,2016-2-2,3663446400
Anthrax,For All Kings,2016-2-15,3664569600
Hyperion,Seraphical Euphony,2016-2-23,3665260800
Voivod,Post Society EP,2016-2-27,3665606400
Inverloch,Distance | Collapsed,2016-2-27,3665606400
Obsidian Kingdom,A Year with No Summer,2016-3-3,3666038400
Wormed,Krighsu,2016-3-8,3666470400
Skáphe,Skáphe²,2016-3-10,3666643200
Decrepit Soul,The Coming of War!!,2016-3-13,3666902400
Rimfrost,Rimfrost,2016-3-21,3667593600
King Goat,Conduit,2016-3-22,3667680000
Moonsorrow,Jumalten aika,2016-3-27,3668112000
The Bendal Interlude,Reign of the Unblinking Eye,2016-3-30,3668371200
Novembre,URSA,2016-4-2,3668630400
SIG:AR:TYR,Northen,2016-4-8,3669148800
Howls of Ebb,Cursus Impasse: The Pendlomic Vows,2016-4-10,3669321600
Zealotry,The Last Witness,2016-4-11,3669408000
Mantar,Ode to the Flame,2016-4-12,3669494400
Beastwars,The Death of All Things,2016-4-19,3670099200
Allfather,Bless the Earth with Fire,2016-4-20,3670185600
Messa,Belfry,2016-4-21,3670272000
Plebeian Grandstand,"False Highs, True Lows",2016-4-21,3670272000
Abhomine,Larve Offal Swine,2016-4-22,3670358400
Haken,Affinity,2016-4-27,3670790400
Thränenkind,King Apathy,2016-5-3,3671308800
Sylvaine,Wistful,2016-5-6,3671568000
Winterhorde,Maestro,2016-5-10,3671913600
Suidakra,Realms of Odoric,2016-5-11,3672000000
Vainaja,Verenvalaja,2016-5-16,3672432000
Sektemtum,Panacea,2016-5-23,3673036800
First Fragment,Dasein,2016-5-25,3673209600
Virus,Memento Collider,2016-6-5,3674160000
The Vision Bleak,The Unknown,2016-6-13,3674851200
Katatonia,The Fall of Hearts,2016-6-14,3674937600
Sink,Ark of Contempt and Anger,2016-6-19,3675369600
Fates Warning,Theories Of Flight,2016-6-22,3675628800
Inter Arma,Paradise Gallows,2016-6-30,3676320000
Pseudo/Sentai,Enter the Sentai,2016-7-1,3676406400
Profanatica,The Curling Flame of Blasphemy,2016-7-6,3676838400
Witherscape,The Northern Sanctuary,2016-7-11,3677270400
Vulvodynia,Psychosadistic Design,2016-7-12,3677356800
Caïna,Christ Clad in White Phosphorus,2016-7-17,3677788800
Harakiri For The Sky,III: Trauma,2016-7-18,3677875200
Spirit Adrift,Chained to Oblivion,2016-8-6,3679516800
Marsh Dweller,The Weight of Sunlight,2016-8-7,3679603200
Darkher,Realms,2016-8-11,3679948800
Blood Incantation,Starspawn,2016-8-16,3680380800
Inquisition,Bloodshed Across the Empyrean Altar Beyond the Celestial Zenith,2016-8-25,3681158400
Hellbringer,Awakened from the Abyss,2016-8-28,3681417600
Morrow,Covenant of Teeth,2016-8-31,3681676800
Uada,Devoid of Light,2016-8-31,3681676800
Voidspawn,Pyrrhic EP,2016-9-3,3681936000
Unfathomable Ruination,Finitude,2016-9-4,3682022400
Sumerlands,Sumerlands,2016-9-8,3682368000
Barishi,Blood From the Lion’s Mouth,2016-9-10,3682540800
Insomnium,Winter’s Gate,2016-9-12,3682713600
Cara Neir/Wildspeaker,Guilt and His Reflection [Split],2016-9-15,3682972800
Neurosis,Fires Within Fires,2016-9-22,3683577600
Thy Catafalque,Meta,2016-9-29,3684182400
Kryptos,Burn up the Night,2016-9-30,3684268800
The Reticent,On the Eve of a Goodbye,2016-10-5,3684700800
Mercyless,Pathetic Divinity,2016-10-5,3684700800
Candiria,While They Were Sleeping,2016-10-6,3684787200
Northern Crown,The Others,2016-10-6,3684787200
Oozing Wound,Whatever Forever,2016-10-13,3685392000
The Dillinger Escape Plan,Dissociation,2016-10-17,3685737600
Negură Bunget,Zi,2016-10-19,3685910400
Anaal Nathrakh,The Whole of the Law,2016-10-26,3686515200
Dark Tranquillity,Atoma,2016-10-27,3686601600
Mithras,On Strange Loops,2016-10-28,3686688000
Saor,Guardians,2016-10-30,3686860800
Madder Mortem,Red in Tooth and Claw,2016-11-1,3687033600
Vader,The Empire,2016-11-4,3687292800
Xoth,Invasion of the Tentacube,2016-11-7,3687552000
Downfall of Gaia,Atrophy,2016-11-10,3687811200
Conceived By Hate,Death & Beyond,2016-11-11,3687897600
Spiritus Mortis,The Year is One,2016-11-14,3688156800
Witchery,In His Infernal Majesty’s Service,2016-11-20,3688675200
Violet Cold,Magic Night,2016-12-3,3689798400
Crimson Moon,Oneironaut,2016-12-8,3690230400
Zao,The Well-Intentioned Virus,2016-12-8,3690230400
Need,Hegaiamas​: ​A Song for Freedom,2017-1-11,3693168000
Helheim,landawarijaR,2017-1-12,3693254400
Undrask,Battle Through Time,2017-1-19,3693859200
Pain of Salvation,In the Passing Light of Day,2017-1-22,3694118400
Hour of Penance,Cast The First Stone,2017-1-22,3694118400
Lorn,Arrayed Claws,2017-1-25,3694377600
Nailed to Obscurity,King Delusion,2017-1-26,3694464000
Kairon; IRSE!,Ruination,2017-1-26,3694464000
Benighted,Necrobreed,2017-2-6,3695414400
Witherfall,Nocturnes and Requiems,2017-2-6,3695414400
Sinister,Syncretism,2017-2-17,3696364800
Immolation,Atonement,2017-2-20,3696624000
Aeternam,Ruins of Empires,2017-2-24,3696969600
Disperse,Foreword,2017-2-25,3697056000
O.R.k.,Soul of an Octopus,2017-2-26,3697142400
Persefone,Aathma,2017-3-1,3697401600
Sons of a Wanted Man,Black Days Black Dust,2017-3-2,3697488000
Junius,Eternal Rituals for the Accretion of Light,2017-3-6,3697833600
Cellador,Off the Grid,2017-3-6,3697833600
Oceanwake,Earthen,2017-3-8,3698006400
Darkest Hour,Godless Prophets and the Migrant Flora,2017-3-9,3698092800
Wormwood,Ghostlands: Wounds from a Bleeding Earth,2017-3-12,3698352000
Dodecahedron,Kwintessens,2017-3-15,3698611200
Venenum,Trance of Death,2017-3-18,3698870400
Demonic Resurrection,Dashavatar,2017-3-19,3698956800
Pallbearer,Heartless,2017-3-19,3698956800
Fit for an Autopsy,The Great Collapse,2017-3-21,3699129600
Replacire,Do Not Deviate,2017-3-22,3699216000
Lantern,II: Morphosis,2017-3-23,3699302400
1476,Our Season Draws Near,2017-3-27,3699648000
Royal Thunder,Wick,2017-4-4,3700339200
Ophiuchi,Bifurcaria Bifurcata,2017-4-11,3700944000
Dynfari,The Four Doors of the Mind,2017-4-14,3701203200
Lich King,The Omniclasm,2017-4-17,3701462400
Vampire,With Primeval Force,2017-4-21,3701808000
Ghost Bath,Starmourner,2017-4-25,3702153600
Galley Beggar,Heathen Hymns,2017-4-25,3702153600
Havukruunu,Kelle surut soi,2017-4-27,3702326400
Hideous Divinity,Adveniens,2017-4-30,3702585600
The Ruins of Beverast,Exuvia,2017-5-3,3702844800
Voyager,Ghost Mile,2017-5-4,3702931200
The Thirteenth Sun,Stardust,2017-5-8,3703276800
Highland,Loyal to the Nightsky,2017-5-11,3703536000
Sabbath Assembly,Rites of Passage,2017-5-14,3703795200
Below,Upon a Pale Horse,2017-5-15,3703881600
Night Flight Orchestra,Amber Galactic,2017-5-16,3703968000
Loss,Horizonless,2017-5-22,3704486400
Wrath of Belial,Bloodstained Rebellion,2017-5-23,3704572800
Alestorm,No Grave but the Sea,2017-5-24,3704659200
Elder,Reflections of a Floating World,2017-6-4,3705609600
Unleash the Archers,Apex,2017-6-5,3705696000
Father Befouled,Desolate Gods,2017-6-21,3707078400
Dying Fetus,Wrong One to Fuck With,2017-6-21,3707078400
Excalion,Dream Alive,2017-7-4,3708201600
Impure Wilhelmina,Radiation,2017-7-6,3708374400
Beyond Grace,Seekers,2017-7-9,3708633600
Boris,Dear,2017-7-11,3708806400
Tau Cross,Pillar of Fire,2017-7-19,3709497600
Violet Cold,Anomie,2017-7-23,3709843200
Sun of the Sleepless,To the Elements,2017-7-25,3710016000
Temple of Void,Lords of Death,2017-8-2,3710707200
Dead Cross,Dead Cross,2017-8-3,3710793600
Pyrrhon,What Passes for Survival,2017-8-7,3711139200
Lör,In Forgotten Sleep,2017-8-8,3711225600
Hell,Hell,2017-8-10,3711398400
End of Green,Void Estate,2017-8-13,3711657600
Desecresy,The Mortal Horizon,2017-8-14,3711744000
The Necromancers,Servants of the Salem Girl,2017-8-15,3711830400
Bloodlust,At the Devil’s Left Hand,2017-8-21,3712348800
Leprous,Malina,2017-8-22,3712435200
Akercocke,Renaissance In Extremis,2017-8-29,3713040000
Subterranean Masquerade,Vagabond,2017-9-3,3713472000
BIG|BRAVE,Ardor,2017-9-14,3714422400
Chelsea Wolfe,Hiss Spun,2017-9-18,3714768000
Ufomammut,8,2017-9-19,3714854400
Archspire,Relentless Mutation,2017-9-20,3714940800
Dyscarnate,With All Their Might,2017-9-21,3715027200
Caligula’s Horse,In Contact,2017-9-28,3715632000
Spirit Adrift,Curse of Conception,2017-10-2,3715977600
Hällas,Excerpts from a Future Past,2017-10-5,3716236800
The Black Dahlia Murder,Nightbringers,2017-10-5,3716236800
Jag Panzer,The Deviant Chord,2017-10-7,3716409600
Crimfall,Amain,2017-10-12,3716841600
Hallatar,No Stars Upon the Bridge,2017-10-16,3717187200
Sorcerer,The Crowning of the Fire King,2017-10-17,3717273600
Bell Witch,Mirror Reaper,2017-10-20,3717532800
The King is Blind,"We Are the Parasite, We Are the Cancer",2017-10-22,3717705600
Ne Obliviscaris,Urn,2017-10-23,3717792000
Vuur,In This Moment We Are Free – Cities,2017-10-24,3717878400
Exhumed,Death Revenge,2017-10-25,3717964800
Sicarius,Serenade of Slitting Throats,2017-10-26,3718051200
Wobbler,From Silence to Somewhere,2017-10-29,3718310400
Keldian,Darkness and Light,2017-11-4,3718828800
Motherslug,The Electric Dunes of Titan,2017-11-5,3718915200
Converge,The Dusk in Us,2017-11-8,3719174400
Hobosexual,Monolith,2017-11-12,3719520000
Desolate Shrine,Deliverance from the Godless Void,2017-11-13,3719606400
Ayat,Carry On Carrion,2017-12-2,3721248000
The Atomic Bitchwax,Force Field,2017-12-5,3721507200
The Negative Bias,Lamentations of the Chaos Omega,2017-12-7,3721680000
The Clearing Path,Watershed Between Firmament and the Realm of Hyperborea,2017-12-14,3722284800
Hamferð,Támsins likam,2018-1-10,3724617600
Halphas,Dawn of a Crimson Empire,2018-1-11,3724704000
Witchcryer,Cry Witch,2018-1-15,3725049600
Ocean of Grief,Nightfall’s Lament,2018-1-21,3725568000
Heidevolk,Vuur van Verzet,2018-1-22,3725654400
Tribulation,Down Below,2018-1-22,3725654400
Portal,Ion,2018-1-23,3725740800
Hooded Menace,Ossuarium Silhouettes Unhallowed,2018-1-24,3725827200
Orphaned Land,Unsung Prophets & Dead Messiahs,2018-1-25,3725913600
Agrimonia,Awaken,2018-1-26,3726000000
Crow Black Sky,Sidereal Light: Volume One,2018-1-30,3726345600
Weedpecker,III,2018-2-1,3726518400
Bind Torture Kill,Viscères,2018-2-5,3726864000
Harm’s Way,Posthuman,2018-2-7,3727036800
In Vain,Currents,2018-2-11,3727382400
Dream Tröll,The Witch’s Curse EP,2018-2-16,3727814400
Thaurorod,Coast of Gold,2018-2-18,3727987200
The Atlas Moth,Coma Noir,2018-2-19,3728073600
Horizon Ablaze,The Weight of a Thousand Suns,2018-2-22,3728332800
Usurpress,Interregnum,2018-2-25,3728592000
Slugdge,Esoteric Malacology,2018-2-27,3728764800
Huntsmen,American Scrap,2018-3-1,3728937600
Necropanther,Eyes of Blue Light,2018-3-3,3729110400
Among The Rocks And Roots,Raga,2018-3-4,3729196800
Black Royal,Lightbringer,2018-3-7,3729456000
Eryn Non Dae.,Abandon of the Self,2018-3-11,3729801600
Angra,ØMNI,2018-3-11,3729801600
Gygax,2nd Edition,2018-3-15,3730147200
Mournful Congregation,The Incubus of Karma,2018-3-20,3730579200
Slaves BC,"Lo, and I Am Burning",2018-3-21,3730665600
The Crown,Cobra Speed Venom,2018-3-22,3730752000
Necrophobic,Mark of the Necrogram,2018-3-22,3730752000
Death Alley,Superbia,2018-3-23,3730838400
Nightmarer,Cacophony of Terror,2018-3-26,3731097600
RÛR,RÛR,2018-3-28,3731270400
Barren Earth,A Complex of Cages,2018-3-28,3731270400
Augury,Illusive Golden Age,2018-3-29,3731356800
Morrow,Fallow,2018-3-29,3731356800
Altars of Grief,Iris,2018-3-30,3731443200
Messa,Feast for Water,2018-4-1,3731616000
Octopus,Supernatural Alliance,2018-4-9,3732307200
Crone,Godspeed,2018-4-15,3732825600
Collapse of Light,Each Failing Step,2018-4-18,3733084800
Inferi,Revenant,2018-4-23,3733516800
Voices,Frightened,2018-4-25,3733689600
Boss Keloid,Melted on the Inch,2018-4-26,3733776000
Amorphis,Queen of Time,2018-5-16,3735504000
Alkaloid,Liquid Anatomy,2018-5-21,3735936000
Black Book Lodge,Steeple and Spire,2018-5-23,3736108800
Light This City,Terminal Bloom,2018-5-30,3736713600
Kataklysm,Meditations,2018-6-3,3737059200
YOB,Our Raw Heart,2018-6-3,3737059200
Human Cull,Revenant,2018-6-14,3738009600
Fire Down Below,Hymn of the Cosmic Man,2018-6-20,3738528000
Anicon,Entropy Mantra,2018-6-24,3738873600
The Night Flight Orchestra,Sometimes the World Ain’t Enough,2018-6-25,3738960000
Gaerea,Unsettling Whispers,2018-6-28,3739219200
Vanhelga,Fredagsmys,2018-7-3,3739651200
Imperial Triumphant,Vile Luxury,2018-7-10,3740256000
Obscura,Diluvium,2018-7-11,3740342400
Between the Buried and Me,Automata II,2018-7-12,3740428800
Skeletonwitch,Devouring Radiant Light,2018-7-16,3740774400
Extremity,Coffin Birth,2018-7-19,3741033600
﻿Southern Empire,Civilisation,2018-7-31,3742070400
Manticora,To Kill to Live to Kill,2018-8-2,3742243200
Bonjour Tristesse,Your Ultimate Urban Nightmare,2018-8-5,3742502400
Sacrificed Alliance,Withdrawn,2018-8-6,3742588800
Cemetery Urn,Barbaric Retribution,2018-8-14,3743280000
Kraków,minus,2018-8-28,3744489600
Mule Skinner,Airstrike,2018-9-3,3745008000
Allfather,And All Will Be Desolation,2018-9-5,3745180800
Monstrosity,The Passage of Existence,2018-9-6,3745267200
Morne,To the Night Unknown,2018-9-9,3745526400
Voivod,The Wake,2018-9-16,3746131200
Betzefer,Entertain Your Force of Habit,2018-9-18,3746304000
Madder Mortem,Marrow,2018-9-19,3746390400
Sumac,Love in Shadow,2018-9-20,3746476800
Brainstorm,Midnight Ghost,2018-9-23,3746736000
Riverside,Wasteland,2018-9-24,3746822400
Horrendous,Idol,2018-9-26,3746995200
Immortal Guardian,Age of Revolution,2018-9-27,3747081600
Heads for the Dead,Serpent’s Curse,2018-9-28,3747168000
Un,Sentiment,2018-10-1,3747427200
To End It All,Scourge of Woman,2018-10-4,3747686400
Mutilated by Zombies,Scripts of Anguish,2018-10-8,3748032000
Heir Apparent,The View From Below,2018-10-14,3748550400
Mongol,The Return,2018-10-16,3748723200
Imperialist,Cipher,2018-10-18,3748896000
Gorod,Æthra,2018-10-21,3749155200
Eneferens,The Bleakness of Our Constant,2018-10-22,3749241600
Into Eternity,The Sirens,2018-10-23,3749328000
Outre,Hollow Earth,2018-10-24,3749414400
Devouring Star,The Arteries of Heresy,2018-10-27,3749673600
The Ocean,Phanerozoic I: Palaeozoic,2018-10-28,3749760000
Arsis,Visitant,2018-10-28,3749760000
Lifelost,Dialogues From Beyond,2018-10-29,3749846400
Antiverse,Under the Regolith,2018-11-1,3750105600
Décembre Noir,Autumn Kings,2018-11-7,3750624000
Cripple Bastards,La Fine Cresce da Dentro,2018-11-8,3750710400
Dire Peril,The Extraterrestrial Compendium,2018-11-8,3750710400
1914,The Blind Leading the Blind,2018-11-10,3750883200
Soen,“Rival” Premiere and Lotus,2018-11-13,3751142400
Skull Pit,Skull Pit,2018-11-15,3751315200
Unreqvited,Mosaic I: L’Amour et L’Ardeur,2018-11-18,3751574400
Second to Sun,The Walk,2018-11-21,3751833600
Vanishing Kids,Heavy Dreamer,2018-11-27,3752352000
Frozen Land,Frozen Land,2018-12-10,3753475200
Sulphur Aeon,The Scythe of Cosmic Chaos,2018-12-16,3753993600
Beaten to Death,Agronomicon,2018-12-17,3754080000
Aver,Orbis Majora,2019-1-16,3756672000
Ars Magna Umbrae,Lunar Ascension,2019-1-21,3757104000
Hollow Leg,Civilizations,2019-1-23,3757276800
Soulmass,The Weakness of Virtue,2019-1-24,3757363200
Altarage,The Approaching Roar,2019-1-24,3757363200
Soen,Lotus,2019-1-30,3757881600
Downfall of Gaia,Ethic of Radical Finitude,2019-2-5,3758400000
Blue Hummingbird on the Left,Atl Tlachinolli,2019-2-7,3758572800
Drottnar,Monolith,2019-2-11,3758918400
Vanum,Ageless Fire,2019-2-14,3759177600
King Apathy,Wounds,2019-2-17,3759436800
Wachenfeldt,The Interpreter,2019-2-19,3759609600
Vimur,Triumphant Master of Fates,2019-2-26,3760214400
Cartographs,Wilt & Blossom,2019-2-28,3760387200
Source,Totality,2019-3-3,3760646400
Misery Index,Rituals of Power,2019-3-3,3760646400
Sinmara,Hvísl Stjarnanna,2019-3-4,3760732800
Ataraxie,Résignés,2019-3-6,3760905600
Equipoise,Demiurgus,2019-3-7,3760992000
Thormesis,The Sixth,2019-3-7,3760992000
Venom Prison,Samsara,2019-3-17,3761856000
Gomorrah,Gomorrah,2019-3-18,3761942400
Aephanemer,Prokopton,2019-3-19,3762028800
Ashen Horde,Fallen Cathedrals,2019-3-20,3762115200
Sermon,Birth of the Marvellous,2019-3-21,3762201600
Devin Townsend,Empath,2019-3-25,3762547200
Déhà,Cruel Words,2019-3-27,3762720000
Crown of Autumn,Byzantine Horizons,2019-4-1,3763152000
Waste of Space Orchestra,Syntheosis,2019-4-2,3763238400
Moon Tooth,Crux,2019-4-4,3763411200
Wormwitch,Heaven That Dwells Within,2019-4-5,3763497600
Vous Autres,Champ du Sang,2019-4-7,3763670400
Inter Arma,Sulphur English,2019-4-8,3763756800
Violet Cold,kOsmik,2019-4-9,3763843200
Inculter,Fatal Visions,2019-4-11,3764016000
Wheel,Moving Backwards,2019-4-13,3764188800
Dead to a Dying World,Elegy,2019-4-18,3764620800
Black Sites,Exile,2019-4-18,3764620800
Istapp,The Insidious Star,2019-4-24,3765139200
Belzebubs,Pantheon of the Nightside Gods,2019-4-25,3765225600
Idle Hands,Mana,2019-5-5,3766089600
Spirit Adrift,Divided by Darkness,2019-5-6,3766176000
Glassing,Spotted Horse,2019-5-16,3767040000
Paladin,Ascension,2019-5-16,3767040000
Goregäng,Neon Graves,2019-5-19,3767299200
Kull,Exile,2019-5-21,3767472000
Calyx,Vientos Arcaicos,2019-5-22,3767558400
Adrift,Pure,2019-5-27,3767990400
Skelator,Cyber Metal,2019-6-12,3769372800
Organectomy,Existential Disconnect,2019-6-16,3769718400
The Odious,Vesica Piscis,2019-6-18,3769891200
Glare of the Sun,Theia,2019-6-20,3770064000
Ascend the Hollow,Echoes of Existence,2019-6-23,3770323200
Ashbringer,Absolution,2019-6-25,3770496000
Yellow Eyes,Rare Field Ceiling,2019-6-26,3770582400
Beastwars,IV,2019-6-27,3770668800
Dream Tröll,“I Will Not Die Today” Video Premiere and Second to None,2019-7-2,3771100800
Turilli / Lione Rhapsody,Zero Gravity: Rebirth and Evolution,2019-7-4,3771273600
Kryptos,Afterburner,2019-7-5,3771360000
An Isolated Mind,I’m Losing Myself,2019-7-7,3771532800
Tomb Mold,Planetary Clairvoyance,2019-7-14,3772137600
Lacrimas Profundere,Bleeding the Stars,2019-7-21,3772742400
High Fighter,Champain,2019-7-22,3772828800
The Offering,Home,2019-7-31,3773606400
Isole,Dystopia,2019-8-19,3775248000
Devourment,Obscene Majesty,2019-8-20,3775334400
Ivory Tower,Stronger,2019-8-21,3775420800
Astralium,Land of Eternal Dreams,2019-8-22,3775507200
Hope Drone,Void Lustre,2019-8-27,3775939200
Warcrab,Damned in Endless Night,2019-8-29,3776112000
Ezkaton,Sheen and Misery,2019-9-1,3776371200
Disillusion,The Liberation,2019-9-5,3776716800
Raventale,Morphine Dead Gardens,2019-9-8,3776976000
Atlantean Kodex,The Course of Empire,2019-9-9,3777062400
Mizmor,Cairn,2019-9-10,3777148800
Nightfell,A Sanity Deranged,2019-9-10,3777148800
Cult of Luna,A Dawn to Fear,2019-9-16,3777667200
White Ward,Love Exchange Failure,2019-9-17,3777753600
Graveyard,Hold Back the Dawn,2019-9-18,3777840000
Cult of Sorrow,Invocation of the Lucifer,2019-9-18,3777840000
No One Knows What the Dead Think,No One Knows What the Dead Think,2019-9-19,3777926400
Exhorder,Mourn the Southern Skies,2019-9-19,3777926400
Vorna,Sateet palata saavat,2019-9-22,3778185600
Fvneral Fvkk,Carnal Confessions,2019-9-23,3778272000
Ghosts of Glaciers,The Greatest Burden,2019-9-24,3778358400
Opeth,In Cauda Venenum,2019-9-26,3778531200
Ancient Moon,"Benedictus Diabolica, Gloria Patri",2019-9-29,3778790400
Arallu,En Olam,2019-10-4,3779222400
Saint Karloff,Interstellar Voodoo,2019-10-6,3779395200
IATT,Nomenclature,2019-10-9,3779654400
Lacuna Coil,Black Anima,2019-10-10,3779740800
Maeskyyrn,Interlude,2019-10-13,3780000000
Sammath,Across the Rhine Is Only Death,2019-10-15,3780172800
Rimfrost,Expedition: Darkness,2019-10-18,3780432000
Xoth,Interdimensional Invocations,2019-10-20,3780604800
Galneryus,Into the Purgatory,2019-10-21,3780691200
Mayhem,Daemon,2019-10-22,3780777600
Dawn Ray’d,Behold Sedition Plainsong,2019-10-24,3780950400
The Great Old Ones,Cosmicism,2019-10-27,3781209600
Wilderun,Veil of Imagination,2019-10-30,3781468800
Wilderun,Veil of Imagination,2019-10-30,3781468800
Schammasch,Hearts of No Light,2019-11-6,3782073600
Rosk,remnants,2019-11-7,3782160000
Second to Sun,Legacy,2019-11-7,3782160000
Krater,Venenare,2019-11-10,3782419200
Hideous Divinity,Simulacrum,2019-11-13,3782678400
Necropanther,The Doomed City,2019-11-14,3782764800
Blood Incantation,Hidden History of the Human Race,2019-11-17,3783024000
Unfathomable Ruination,Enraged and Unbound,2019-11-18,3783110400
Obsequiae,The Palms of Sorrowed Kings,2019-11-20,3783283200
Avatarium,The Fire I Long For,2019-11-21,3783369600
Esoteric,A Pyrrhic Existence,2019-11-22,3783456000
Slow,VI – Dantalion,2019-11-23,3783542400
Teeth,The Curse of Entropy,2019-11-25,3783715200
Brothers of Metal,Emblas Saga,2020-1-5,3787257600
Surgical Strike,Part of a Sick World,2020-1-20,3788553600
Raphael Weinroth,Browne – Worlds Within,2020-1-22,3788726400
殞煞 Vengeful Spectre,殞煞 Vengeful Spectre,2020-1-28,3789244800
Marrasmieli,Between Land and Sky,2020-2-1,3789590400
Blaze of Perdition,The Harrowing of Hearts,2020-2-9,3790281600
Godthrymm,Reflections,2020-2-11,3790454400
Vision of Choice,Mistress of the Gods,2020-2-13,3790627200
Xenobiotic,Mordrake,2020-2-16,3790886400
Kvaen,The Funeral Pyre,2020-2-25,3791664000
Drown,Subaqueous,2020-2-26,3791750400
Black Royal,Firebride,2020-3-1,3792096000
Vredehammer,Viperous,2020-3-1,3792096000
Earth Rot,Black Tides of Obscurity,2020-3-4,3792355200
Canis Dirus,Independence to the Beast,2020-3-5,3792441600
Rosy Finch,Scarlet,2020-3-8,3792700800
Afterbirth,Four Dimensional Flesh,2020-3-9,3792787200
Neck of the Woods,The Annex of Ire,2020-3-15,3793305600
Hyborian,Vol. II,2020-3-19,3793651200
Aeternam,Al Qassam,2020-3-23,3793996800
Malokarpatan,Krupinské ohne,2020-3-24,3794083200
Void of Sleep,Metaphora,2020-3-25,3794169600
Membaris,Misanthrosophie,2020-3-28,3794428800
Velnias,Scion of Aether,2020-3-29,3794515200
Loviatar,Lightless,2020-3-30,3794601600
Forndom,Faþir,2020-4-1,3794774400
Wake,Devouring Ruin,2020-4-3,3794947200
Benighted,Obscene Repressed,2020-4-8,3795379200
Calligram,The Eye Is The First Circle,2020-4-9,3795465600
Barishi,OId Smoke,2020-4-13,3795811200
Forlesen,Hierophant Violent,2020-4-16,3796070400
Dark Forest,"Oak, Ash & Thorn",2020-4-20,3796416000
Ulcerate,Stare into Death and Be Still,2020-4-21,3796502400
Warbringer,Weapons of Tomorrow,2020-4-23,3796675200
Black Curse,Endless Wound,2020-4-24,3796761600
Sölicitör,Spectral Devastation,2020-4-26,3796934400
Malist,To Mantle the Rising Sun,2020-4-27,3797020800
Green Carnation,Leaves of Yesteryear,2020-5-3,3797539200
…and Oceans,Cosmic World Mother,2020-5-5,3797712000
Winterfylleth,The Reckoning Dawn,2020-5-10,3798144000
Alestorm,Curse of the Crystal Coconut,2020-5-27,3799612800
Akolyth,Akolyth,2020-5-28,3799699200
Witches,The Fates,2020-6-2,3800131200
Ebonivory,The Long Dream I,2020-6-4,3800304000
Ulthar,Providence,2020-6-8,3800649600
Foetal Juice,Gluttony,2020-6-10,3800822400
Valdrin,Effigy of Nightmares,2020-6-10,3800822400
Fornicus,Sulphuric Omnipotence,2020-6-14,3801168000
Pale Divine,Consequence of Time,2020-6-22,3801859200
Protest the Hero,Palimpsest,2020-6-24,3802032000
Convocation,Ashes Coalesce,2020-7-14,3803760000
Defeated Sanity,The Sanguinary Impetus,2020-7-21,3804364800
Gaerea,Limbo,2020-7-22,3804451200
Haken,VIrus,2020-7-23,3804537600
Imperial Triumphant,Alphaville,2020-7-28,3804969600
Dkharmakhaoz,Proclamation ov the Black Suns,2020-7-29,3805056000
Faceless Burial,Speciation,2020-8-2,3805401600
Temple Nightside,Pillars of Damnation,2020-8-4,3805574400
Atramentus,Stygian,2020-8-16,3806611200
Havukruunu,Uinuos syömein sota,2020-8-18,3806784000
Cytotoxin,Nuklearth,2020-8-25,3807388800
Manticora,To Live to Kill to Live,2020-8-27,3807561600
Panzerfaust,The Suns of Perdition – Chapter II: Render unto Eden,2020-8-27,3807561600
Oceans of Slumber,Oceans of Slumber,2020-9-1,3807993600
Raventale,Planetarium II,2020-9-7,3808512000
Sunken,Livslede,2020-9-14,3809116800
Blackevil,Forever Baptised in Eternal Fire,2020-9-20,3809635200
Svalbard,"When I Die, Will I Get Better?",2020-9-22,3809808000
Anaal Nathrakh,Endarkenment,2020-9-27,3810240000
Ascian,Elysion,2020-9-29,3810412800
Arcade Messiah,The Host,2020-10-3,3810758400
Hellripper,The Affair of the Poisons,2020-10-9,3811276800
Necrophobic,Dawn of the Damned,2020-10-10,3811363200
Cryptic Shift,Visitations from Enceladus,2020-10-16,3811881600
Wobbler,Dwellers of the Deep,2020-10-21,3812313600
Slow Fall,Beneath the Endless Rains,2020-10-22,3812400000
Scardust,Strangers,2020-10-27,3812832000
Wytch Hazel,Wytch Hazel III: Pentecost,2020-10-29,3813004800
October Falls,Syys,2020-10-31,3813177600
Hell:on,Scythian Stamm,2020-11-3,3813436800
Mr Bungle,The Raging Wrath of the Easter Bunny Demo,2020-11-5,3813609600
Liminal Shroud,“Tainted Soil” Premiere and Through the False Narrows,2020-11-11,3814128000
Dark Buddha Rising,Mathreyata,2020-11-13,3814300800
Omnivortex,Diagrams of Consciousness,2020-11-19,3814819200
Shores of Null,Beyond the Shores (On Death and Dying),2020-11-23,3815164800
Fractal Generator,Macrocosmos,2021-1-10,3819312000
Demoniac,So It Goes,2021-1-24,3820521600
Eximperitus­erqethh­zebib­šip­tugak­kath­šul­weliar­zaxułum,Šahrartu,2021-1-27,3820780800
Soen,Imperial Vinyl,2021-1-28,3820867200
The Ruins of Beverast,The Thule Grimoires,2021-2-2,3821299200
Misotheist,For the Glory of Your Redeemer,2021-2-4,3821472000
Ad Nauseam,Imperative Imperceptible Impulse,2021-2-8,3821817600
Suffering Hour,The Cyclic Reckoning,2021-2-21,3822940800
Paranorm,Empyrean,2021-2-22,3823027200
Significant Point,Into the Storm,2021-2-24,3823200000
Iotunn,Access All Worlds,2021-2-25,3823286400
Empyrium,Über den Sternen,2021-2-26,3823372800
Wÿntër Ärvń,Abysses,2021-3-1,3823632000
Sepulcros,Vazio,2021-3-8,3824236800
Miasmata,Unlight: Songs of Earth and Atrophy,2021-3-10,3824409600
Enforced,Kill Grid,2021-3-11,3824496000
Stortregn,Impermanence,2021-3-11,3824496000
Pupil Slicer,Mirrors,2021-3-11,3824496000
Mare Cognitum,Solar Paroxysm,2021-3-14,3824755200
Dvne,Etemen Ænka,2021-3-18,3825100800
Cryptosis,Bionic Swarm,2021-3-22,3825446400
Zao,The Crimson Corridor,2021-4-6,3826742400
Kauan,Ice Fleet,2021-4-7,3826828800
Mānbryne,Heilsweg: O udrece ciala i tulaczce duszy,2021-4-8,3826915200
Paysage d’Hiver,Geister,2021-4-19,3827865600
Vokonis,Odyssey,2021-5-5,3829248000
Subterranean Masquerade,Mountain Fever,2021-5-9,3829593600
Seth,La Morsure du Christ,2021-5-10,3829680000
Dordeduh,Har,2021-5-12,3829852800
Impure Wilhelmina,Antidote,2021-5-16,3830198400
VOLA,Witness,2021-5-19,3830457600
Mental Cruelty,A Hill to Die Upon,2021-5-23,3830803200
Silver Talon,Decadence and Decay,2021-5-27,3831148800
Boss Keloid,Family the Smiling Thrush,2021-6-3,3831753600
Somnuri,Nefarious Wave,2021-6-4,3831840000
Portal,Avow,2021-6-7,3832099200
King Buffalo,The Burden of Restlessness,2021-6-10,3832358400
Son of Sam,And the Monster Awoke…,2021-6-11,3832444800
Bossk,Migration,2021-6-22,3833395200
Thy Catafalque,Vadak,2021-6-27,3833827200
Diabolizer,Khalkedonian Death,2021-7-1,3834172800
Alustrium,A Monument to Silence,2021-7-4,3834432000
Polemicist,Return of the Sophist,2021-7-5,3834518400
Musk Ox,Inheritance,2021-7-6,3834604800
Diskord,Degenerations,2021-8-8,3837456000
Osi and the Jupiter,Stave,2021-8-25,3838924800
Headshrinker,Callous Indifference,2021-8-27,3839097600
Beyond Grace,Our Kingdom Undone,2021-9-6,3839961600
Brainstorm,Wall of Skulls,2021-9-13,3840566400
Seven Spires,Gods of Debauchery,2021-9-20,3841171200
Duel,In Carne Persona,2021-10-3,3842294400
Franklin Zoo,The Dandelion Child,2021-10-10,3842899200
Noltem,Illusions in the Wake,2021-10-11,3842985600
The Silver,Ward of Roses,2021-10-13,3843158400
WORM,Foreverglade,2021-10-19,3843676800
1914,Where Fear and Weapons Meet,2021-10-20,3843763200
Green Lung,Black Harvest,2021-10-21,3843849600
Knife,Knife,2021-10-22,3843936000
Archspire,Bleed the Future,2021-10-25,3844195200
Zornheym,The Zornheim Sleep Experiment,2021-10-26,3844281600
Sunless,Ylem,2021-10-28,3844454400
Black Sites,Untrue,2021-10-29,3844540800
Glassing,Twin Dream,2021-11-3,3844972800
Diablo Swing Orchestra,Swagger & Stroll Down the Rabbit Hole,2021-11-3,3844972800
Mortiferum,Preserved in Torment,2021-11-4,3845059200
Churchburn,Genocidal Rite,2021-11-4,3845059200
Mystras,Empires Vanquished and Dismantled,2021-11-4,3845059200
Outre,Tombe – Abysse Mortifère,2021-11-7,3845318400
Black Soul Horde,Horrors from the Void,2021-11-8,3845404800
Plebeian Grandstand,Rien ne suffit,2021-11-15,3846009600
Obscura,A Valediction,2021-11-17,3846182400
The Temple,The Temple,2021-11-19,3846355200
Stormkeep,Tales of Othertime,2021-11-19,3846355200
Tower,Shock to the System,2021-11-22,3846614400
In Mourning,The Bleeding Veil,2021-11-26,3846960000
Opera Diabolicus,Death on a Pale Horse,2021-11-30,3847305600
Dormant Ordeal,The Grand Scheme of Things,2021-12-2,3847478400
Clouds,Despărțire,2021-12-7,3847910400
Memory Garden,1349,2021-12-14,3848515200
Ethereal Shroud,Trisagion,2021-12-15,3848601600
Mega Colossus,Riptime,2021-12-16,3848688000
Wilderun,Epigone,2022-1-6,3850502400
Aethereus,Leiden,2022-1-11,3850934400
Trenches,Reckoner,2022-1-16,3851366400
Spider God,Black Renditions,2022-1-27,3852316800
Vorga,Striving toward Oblivion,2022-2-2,3852835200
Cult of Luna,The Long Road North,2022-2-6,3853180800
Amorphis,Halo,2022-2-10,3853526400
The Devils of Loudun,Escaping Eternity,2022-2-13,3853785600
Immolation,Acts of God,2022-2-16,3854044800
Pure Wrath,Hymn to the Woeful Hearts,2022-2-17,3854131200
Sylvaine,Nova,2022-2-28,3855081600
Hath,All that Was Promised,2022-3-1,3855168000
Midnight,Let There Be Witchery,2022-3-3,3855340800
Pillaging Villagers,Pillaging Villagers,2022-3-10,3855945600
In Aphelion,Moribund,2022-3-10,3855945600
Idol of Fear,Trespasser,2022-3-16,3856464000
Aeviterne,The Ailing Facade,2022-3-22,3856982400
Grand Harvest,Consummatum Est,2022-3-24,3857155200
Kvaen,The Great Below,2022-3-24,3857155200
Astral Tomb,Soulgazer,2022-3-26,3857328000
Satan,Earth Infernal,2022-3-28,3857500800
Mares of Thrace,The Exile,2022-4-2,3857932800
GGGOLDDD,This Shame Should Not Be Mine,2022-4-3,3858019200
Marrasmieli,Martaiden Mailta,2022-4-6,3858278400
Nightfell,Never Comes the Storm,2022-4-8,3858451200
Darkher,The Buried Storm,2022-4-10,3858624000
Urferd,Resan,2022-4-14,3858969600
Undeath,It’s Time… to Rise from the Grave,2022-4-20,3859488000
Novarupta,Carrion Movements,2022-4-26,3860006400
Ou,one,2022-5-4,3860697600
Wachenfeldt,Faustian Reawakening,2022-5-5,3860784000
Cavernlight,As I Cast Ruin Upon the Lens That Reveals My Every Flaw,2022-5-9,3861129600
Vital Spirit,"Still As the Night, Cold As the Wind",2022-5-10,3861216000
Moon Tooth,Phototroph,2022-5-15,3861648000
Luminous Vault,Animate the Emptiness,2022-5-16,3861734400
Circle of Silence,Walk Through Hell,2022-5-26,3862598400
Alex Nunziati,Il Mangiatore di Peccati,2022-5-31,3863030400
Kardashev,Liminal Rite,2022-6-7,3863635200
